:06000011101210002791FF
:02000010000DE1
:020000040008F2
:020000040008F2
:18300000000830100008FFE8F1C453C8279107EA033904501012100046
:043010000048FF4B2A
:20301800FD4F0008FD4F0008FD4F0008FD4F0008FD4F0008FD4F0008FD4F0008FD4F0008F8
:20302800FD4F0008FD4F0008FD4F0008FD4F0008FD4F0008FDDB0008FDE50008FB470008D0
:20303800FD770008FBC90008FD3B0008FCFF0008FE0D0008FE170008FE210008FE2B000865
:20304800FE350008FE3F0008FE490008FE530008FE5D0008FDEF0008FDF90008FE030008E2
:20305800FA6B0008FD4F0008FA9D0008FE850008FE8F0008FD4F0008FDD10008FE67000841
:20306800FBDD0008FBF10008FC050008FC190008FC2D0008FC410008FC550008FD4F00082B
:20307800FBD30008FBE70008FBFB0008FC0F0008FC230008FC370008FC4B0008FD4F000862
:20308800FBA10008FBAB0008FBBF0008FD4F0008FD4F0008FD4F0008FD4F0008FD4F000870
:20309800FC5F0008FC690008FD4F0008FD4F0008FAED0008FAF70008FD4F0008FD4F000810
:2030A800FD9F0008FDA90008FDB30008FDBD0008FD4F0008FD4F0008FD4F0008FD4F0008EC
:2030B800FB650008FB6F0008FB790008FB830008FB8D0008FB970008FD4F0008FD4F00084A
:2030C800FCE10008FCD70008FCF50008FCEB0008FD4F0008FD4F0008FD4F0008FD4F0008F0
:2030D800FD810008FD8B0008FD4F0008FD4F0008FAD90008FAE30008FD4F0008FD4F0008B2
:2030E800FA930008FA750008FA7F0008FA890008FD4F0008FD4F0008FD4F0008FD4F000860
:2030F800FD4F0008FD4F0008FD4F0008FD4F0008FD4F0008FD4F0008FD4F0008FD4F000818
:20310800FE990008FEA30008FEAD0008FD310008FC7D0008FD4F0008FC870008FC91000881
:20311800FD4F0008FD4F0008FD4F0008FD4F0008FD4F0008FD4F0008FD4F0008FD4F0008F7
:20312800FD4F0008FD4F0008FD4F0008FD4F0008FD4F0008FD4F0008FD4F0008FD4F0008E7
:20313800FD4F0008FD4F0008FD4F0008FD4F0008FD4F0008FD4F0008FD4F0008FD4F0008D7
:20314800FD4F0008FD4F0008FBB50008FD4F0008FD4F0008FD4F0008FD4F0008FD4F000863
:20315800FD4F0008FD4F0008FD4F0008FD4F0008FD4F0008FD4F0008FD4F0008FD4F0008B7
:20316800FD4F0008FD4F0008FD4F0008FD4F0008FD4F0008FD4F0008FD4F0008FD4F0008A7
:20317800FD4F0008FD4F0008FCAF0008FCB90008FC9B0008FCA50008FD4F0008FB5100082F
:20318800FD090008FD130008FD1D0008FD270008FD590008FD4F0008FD4F0008FB5B00084F
:20319800FD4F0008FD4F0008FD4F0008FD4F0008FACF0008FD4F0008FD4F0008FCCD00087D
:2031A800FAC50008FAA70008FAB10008FABB0008FD4F0008FD4F0008FD4F0008FD4F0008D7
:2031B800FD4F0008FD4F0008FD4F0008FD4F0008FD4F0008FD4F0008FD4F0008FD4F000857
:2031C800FD4F0008FD6D0008FC730008FD630008FDC70008FD4F0008FD4F0008FD4F00087A
:2031D8000000000000000000000000000000000000000000000000000000000000000000D7
:2031E8000000000000000000000000000000000000000000000000000000000000000000C7
:2031F8000000000000000000000000000000000000000000000000000000000000000000B7
:203208000000000000000000000000000000000000000000000000000000000000000000A6
:20321800000000000000000000000000000000000000000000000000000000000000000096
:20322800000000000000000000000000000000000000000000000000000000000000000086
:20323800000000000000000000000000000000000000000000000000000000000000000076
:20324800000000000000000000000000000000000000000000000000000000000000000066
:20325800000000000000000000000000000000000000000000000000000000000000000056
:20326800000000000000000000000000000000000000000000000000000000000000000046
:20327800000000000000000000000000000000000000000000000000000000000000000036
:20328800000000000000000000000000000000000000000000000000000000000000000026
:20329800000000000000000000000000000000000000000000000000000000000000000016
:2032A800000000000000000000000000000000000000000000000000000000000000000006
:2032B8000000000000000000000000000000000000000000000000000000000000000000F6
:2032C8000000000000000000000000000000000000000000000000000000000000000000E6
:2032D8000000000000000000000000000000000000000000000000000000000000000000D6
:2032E8000000000000000000000000000000000000000000000000000000000000000000C6
:2032F8000000000000000000000000000000000000000000000000000000000000000000B6
:203308000000000000000000000000000000000000000000000000000000000000000000A5
:20331800000000000000000000000000000000000000000000000000000000000000000095
:20332800000000000000000000000000000000000000000000000000000000000000000085
:20333800000000000000000000000000000000000000000000000000000000000000000075
:20334800000000000000000000000000000000000000000000000000000000000000000065
:20335800000000000000000000000000000000000000000000000000000000000000000055
:20336800000000000000000000000000000000000000000000000000000000000000000045
:20337800000000000000000000000000000000000000000000000000000000000000000035
:20338800000000000000000000000000000000000000000000000000000000000000000025
:20339800000000000000000000000000000000000000000000000000000000000000000015
:2033A800000000000000000000000000000000000000000000000000000000000000000005
:2033B8000000000000000000000000000000000000000000000000000000000000000000F5
:2033C8000000000000000000000000000000000000000000000000000000000000000000E5
:2033D80000000000000000000000C0C1C1810140C30103C00280C241C60106C00780C741A9
:2033E8000500C5C1C4810440CC010CC00D80CD410F00CFC1CE810E400A00CAC1CB810B4015
:2033F800C90109C00880C841D80118C01980D9411B00DBC1DA811A401E00DEC1DF811F4045
:20340800DD011DC01C80DC411400D4C1D5811540D70117C01680D641D20112C01380D34134
:203418001100D1C1D0811040F00130C03180F1413300F3C1F28132403600F6C1F7813740E4
:20342800F50135C03480F4413C00FCC1FD813D40FF013FC03E80FE41FA013AC03B80FB41D4
:203438003900F9C1F88138402800E8C1E9812940EB012BC02A80EA41EE012EC02F80EF4184
:203448002D00EDC1EC812C40E40124C02580E5412700E7C1E68126402200E2C1E3812340F4
:20345800E10121C02080E041A00160C06180A1416300A3C1A28162406600A6C1A781674024
:20346800A50165C06480A4416C00ACC1AD816D40AF016FC06E80AE41AA016AC06B80AB4194
:203478006900A9C1A88168407800B8C1B9817940BB017BC07A80BA41BE017EC07F80BF41C4
:203488007D00BDC1BC817C40B40174C07580B5417700B7C1B68176407200B2C1B3817340B4
:20349800B10171C07080B041500090C191815140930153C052809241960156C05780974164
:2034A800550095C1948154409C015CC05D809D415F009FC19E815E405A009AC19B815B4054
:2034B800990159C058809841880148C0498089414B008BC18A814A404E008EC18F814F4004
:2034C8008D014DC04C808C41440084C185814540870147C046808641820142C04380834174
:2034D800410081C180814040D70A3C23000041A0D70A3C23000041A0D70A3C23000040000E
:2034E800D70A3C2300004000D70A3C2300004000D70A3C2300004000CCCD3DCC000041A0C1
:2034F800CCCD3DCC000041A0CCCD3DCC00004000CCCD3DCC00004000CCCD3DCC000040008B
:20350800CCCD3DCC00004000CCCD3DCCCCCD3DCCCCCD3DCCD70A3C23CCCD3DCCD70A3C23B9
:20351800CCCD3DCCD70A3C23000000000000000000000000000000000000000000000000B1
:1C3528000000000000000000000000000000000000000000000000000000000087
:20353800FFF4049B0000000000000000000000000000000000000000000000000000FFF4EE
:2035480004A80000000000000000000000000000000000000000000000000000FFF404C000
:203558000000000000000000000000000000000000000000000000000000FFF404CD00008F
:20356800000000000000000000000000000000000000000000000000FFFFA4DE00000000C3
:20357800FFFFA4DF00000000FFFAA4E00000000000000000000000000000FFF9A4E60000B3
:203588000000000000000000000000000000FFFFBBC200000000FFFFBBC300000000FFFF2E
:20359800BBC400000000FFFFBBC500000000FFFFBBC600000000FFFFBBC700000000FFFF19
:2035A800B88000000000FFFFB88200000000FFFFB88300000000FFFEB8860000000044FAE1
:2035B800FFFEB888000000000000FFF0C4B000004000000040000000410000004200000050
:2035C80043000000440000004500000046000000FFFFC7EC00000001FFFEC7EE000000006D
:2035D8000000FFFEC7F0000000000000FFFFAD0000000000FFFFAD0100000000FFFFC4C046
:2035E80000000000FFFFC4C100000000FFFF040000000000FFFF040100000000FFFEC7F285
:2035F8000000FF220008FFFEC7F40000FF220008FFFFBC0000000000FFFFB5C0000000007C
:0436080000000000BE
:20361000CF4E0008CF4B0008CF480008CF450008CF420008CF3F0008CF3B0008CF370008C9
:18362000CF340008CF310008CF2D0008CF290008CF250008CF21000887
:20363000B2BDE20304BDE20305BDFE02761F02A9E8020648CD1E0002761F031DE8087ED85E
:203640008F00C700E2AF010E761F0313E7000040E2AF011CE7000008FFD0E2030022761F9A
:2036500002EF92037648F752761F02ACCD1E00028F00C712761F02EFFFD092047648F75243
:20366000761F02AFCD1E00028F00C724761F02EFFFD092057648F752761F02B2CD1E000274
:203670008F00C736761F02EFFFD092067648F752E801FC02761F031CE2AF0008E2AF011ADA
:20368000E7100040E2AF012CE312013E761F02E7E3104820761F031DE203010CE27400101B
:20369000E2AF0108E8120901AD146450761F02E6E801FC0292025201E27400516121761FFE
:2036A000031CE2AF0208E700008A7700E203020AE2AF021AE700008A7700E203021CE2AF4E
:2036B000022CE700008A7700E203022EE2AF023EE7000089761F031DE20301006F37761FB8
:2036C000031CE2AF0208E2AF031AE71000D27700E84FC0127700E700008AE2AF053EE20398
:2036D000020A060A1E1CE2AF022CE71001527700E84FC0127700E70000897700E203012E89
:2036E000062E761F031D1E006F11E594761F031CE593E592E591E203040AE203031CE203D5
:2036F000022E761F031DE2030100761F031CE2AF010AE70000417700E203010CE2AF011C60
:20370000E70000417700E203011EE2AF012EE7000041E2AF030AE2030130761F031DE2AF24
:203710000100761F031CE3022C1CE3000A1E761F031DE8AFE008E2030502761F031CE318DD
:20372000DC2EE2AF050C761F031DE71000E4E31A8A00761F031CE3189530761F031DE801B4
:20373000D41CE0135A10E2AF0202E71000D2E808937CE2030212E2AF0308761F0313E700A8
:2037400000E1E2AF0522E700014AE2770000E7000089761F031DE2030116E2AF010C761FF1
:2037500002E7E3004C2E761F031DE2030114E5A4AD1464039A016F0328A9FFFFFF5C3B0140
:2037600085A9BDA90F127700770077007700E6890001E2AF0514E70001487700E2030014FE
:20377000E2AF000CE5A0AD146519E3001114E70000497700E710008977007700E277000959
:203780007700770077007700E27400407700770077007700E20300186F04E590E2030018F9
:203790007680C6408F40C7008AA67648ED4976C0C6488F40C7128AA77648ED498D00C650AF
:2037A0008F40C7248AA07648ED498D40C6588F40C7368AA17648ED49761F0319E2AF0020F9
:2037B000761F031DE2AF0108E7100040761F0319E2030020761F031DE2AF050A761F0319B7
:2037C000E2AF0022761F031DE31A040E761F0319E2030022E2AF0026761F031DE318031040
:2037D000761F0319E2030026E2AF0028761F031DE3160212761F0319E2030028E2AF002A29
:2037E000761F031DE314050C761F0319E203002AE2AF0024761F031DE31A0414761F03191C
:2037F000E2030024E2AF002C761F031DE3180316761F0319E203002CE2AF002E761F031DF4
:20380000E316021A761F0319E203002EE2AF0032761F031DE314051C761F0319E203003277
:20381000E2AF0034761F031DE31A0420761F0319E2030034E2AF0038E71001007700E20316
:2038200000380A3C923C5240FFE8008683A68F00C6007648F2578F00C60883A77648F2572A
:203830008F00C61083A07648F2578F00C61883A17648F257E2AF0120E2AF0022E2AF04282F
:20384000E2AF032AE84F200AE84F2000E2AF0126E84F2024E84F201B761F0318E84F200D39
:20385000E2030220E2030022761F0319E2AF012CE2AF0024E84F2002E84F2009E2AF002EAE
:20386000761F0318E84F2000E2030526E2030428E203032AE2030224E203012CE203002EDE
:20387000E2AF0024E5A0AD146519E300112CE70000497700E710008977007700E277000928
:203880007700770077007700E27400407700770077007700E20300306F04E590E2030030C8
:20389000761F0319E2AF0232E2AF0134E2AF00388F00C640E84F2012761F0318E84F200905
:2038A000E84F2000E2030232E2030134E2030038F63D2B84FE82E2AF05BEE2AF04BE8BBE0F
:2038B0000006B2BD9B00D400AABD7648E00E9B007648E00E76228F45D700D089A0A98D80C8
:2038C00074008AA58D40750009881EA6DC601AC4000102002B282B30761F175E2895A5A5D2
:2038D00018C6FFFE1808FFFB1E0E761F01D0CCCAFFF050069601761F01D4CCC9FFF050069B
:2038E00096011AC200041AC100041AC200801AC10080761A8F004E1EA8A97640C49376223A
:2038F0008AA2D012761F01D0DC1018C47FFF18CCFFF806928AA218A8FFF81AA98000D01481
:203900001E12069218A8FFF818A97FFFD0165101DC281E14069218A8FFF91AA98000D01800
:2039100051011E16069218A8FFF818A97FFFD01A51021E18069218A8FFF81AA98000D01C92
:2039200051021E1A069218A8FFF818A97FFFD01E51031E1C069218A8FFFB1AA98000D0206D
:2039300051031E1E069218A8FFFC18A97FFFD02251041E20069218A8FFFC1AA98000D02446
:2039400051041E22069218A8FFFC18A97FFFD02651051E24069218A8FFFD1AA98000D02A21
:2039500051051E2618C47FFF18CCFFF8069218A8FFF81AA98000D02C1E2A069218A8FFF863
:2039600018A97FFFD02E51011E2C069218A8FFF91AA980005101D0111E2ECC10FE00500929
:203970009610CC12FE0050099612CC14FE0050099614CC16FE0050099616CC18FE005009B3
:203980009618CC1AFE005009961ACC1CFE005009961CCC1EFE005009961ECC20FE00500963
:203990009620CC22FE0050099622CC24FE0050099624CC26FE0050099626CC28FE00500913
:2039A0009628CC2AFE005009962ACC2CFE005009962CCC2EFE005009962ECC92FE1F50103B
:2039B000D0139611CC92FE1F5010D0159613CC92FE1F5010D0179615CC92FE1F5010D019D3
:2039C0009617CC92FE1F5010D01B9619CC92FE1F5010D01D961BCC92FE1F5010D01F961DCF
:2039D000CC92FE1F5010D021961FCC92FE1F5010D0239621CC92FE1F5010D0259623CC92EA
:2039E000FE1F5010D0279625CC92FE1F5010D0299627CC92FE1F5010D02B9629CC92FE1FF7
:2039F0005010D02D962BCC92FE1F5010D02F962DCC92FE1F5010D010962FCCFAFFF0500176
:203A000096071A0700201A0700401AE20001069118A8FFF81AA98000761F01D4D0121E105F
:203A1000069118A8FFF818A97FFFD01451021E12069118A8FFF81AA98000D0161E14069162
:203A200018A8FFF818A97FFFD01851031E16069118A8FFF81AA98000D01A1E18069118A818
:203A3000FFFB1AA98000D01C51031E1A069118A8FFF81AA98000D01E1E1C069118A8FFF8BA
:203A400018A97FFFD02051021E1E069118A8FFF81AA98000D0221E20069118A8FFF818A9D8
:203A50007FFFD02451031E22069118A8FFF81AA98000D0261E24069118A8FFFB1AA98000F3
:203A6000D02851031E26069118A8FFF81AA98000D02A1E28069118A8FFF818A97FFFD02C5C
:203A700051021E2A069118A8FFF818A97FFFD02E51031E2C069118A8FFFB1AA9800051038A
:203A8000D0111E2ECC10FE0050099610CC12FE0050099612CC14FE0050099614CC16FE0082
:203A900050099616CC18FE0050099618CC1AFE005009961ACC1CFE005009961CCC1EFE0062
:203AA0005009961ECC20FE0050099620CC22FE0050099622CC24FE0050099624CC26FE0012
:203AB00050099626CC28FE0050099628CC2AFE005009962ACC2CFE005009962CCC2EFE00C2
:203AC0005009962ECC91FE1F5010D0139611CC91FE1F5010D0159613CC91FE1F5010D0173C
:203AD0009615CC91FE1F5010D0199617CC91FE1F5010D01B9619CC91FE1F5010D01D961BCF
:203AE000CC91FE1F5010D01F961DCC91FE1F5010D021961FCC91FE1F5010D0239621CC91E9
:203AF000FE1F5010D0259623CC91FE1F5010D0279625CC91FE1F5010D0299627CC91FE1FF5
:203B00005010D02B9629CC91FE1F5010D02D962BCC91FE1F5010D02F962DCC91FE1F50107D
:203B1000962FCCF9FFF0500196071A0700201A070040761F01D01AE1000156BF0F0D761A69
:203B200086BE8BBE0006B2BDE20304BDFE0293C459A95301600B2BC4761F02CC9200520F80
:203B300061035200600356BF0100761F02CC9200520662195206FFE100F15203620C52033D
:203B4000FFE1017B5201FFE101D45202FFE1019CFFEF022B5204FFE101495205FFE1011E3F
:203B5000FFEF02235209FFE100B2520AFFE10088520B615D520CFFE0021828AC00058F4077
:203B6000B08430228F00B154761F02C6560100A5DC08CC2C000F761F02D5A042E2AF001AEE
:203B70008F40B30076484B2F761F02CC92015204FFE001FB761F02C6922C900F52036121C3
:203B8000761F02C29201761F02CC2B01520156BF0F006005761F02C256BF0201761F02CCFA
:203B90009226C4109001761F02C6FF86C20C182AFF7F982A761F02C356BF2C00FFEF01D567
:203BA000761F02CC9226C4109001761F02C6FF86C20C182AFF7F982A761F02C256BF0401E0
:203BB000761F02CC56BF0F00FFEF01BF28AC00058F40B08430228D40B154761F02C656010C
:203BC00000A58AA1CC2C000F761F02D5A042E2AF001ADC0C8F40B30076484B2F761F02CC10
:203BD00092015204FFE001A1761F02D5D908E2AF001A8AA17648BB59FFEF019728AC000517
:203BE0008F40B08430228D40B154761F02C6560100A58AA1CC2C000F761F02D5A042E2AF34
:203BF000001A8F40B30076484B2F761F02CC92015204FFE0017A761F02D5D90CE2AF001A3F
:203C00008AA17648BB59FFEF017028AC00058F40B08430228D40B154761F02C6560100A5EF
:203C10008AA1CC2C000F761F02D5A042E2AF001ADC048F40B30076484B2F761F02CC9201D9
:203C20005204FFE00152761F02D58AA1E2AF001A7648BB59FFEF014928AC00058F40B084D4
:203C300030228F00B104761F02C6560100A5DC08CC2C000F761F02CEA042E2AF003C8F40B7
:203C4000B30076484B2F761F02CC92015204FFE0012C0604E801EE608F00B1541E12E80133
:203C5000F801E8020A04E80E66680608DC0456BF08001E14E203001656BF022056BF0221F8
:203C6000E203011AE203041C761F02D5E2AF001A7648BB59FFEF010928AC00058F40B08482
:203C700030228D40B104761F02C6560100A58AA1CC2C000F761F02CEA042E2AF003CDC0CD9
:203C80008F40B30076484B2F761F02CC92015204FFE000EB761F02D5D908E2AF00088AA143
:203C90007648BB59FFEF00E128AC00058F40B08430228D40B104761F02C6560100A58AA13F
:203CA000CC2C000F761F02CEA042E2AF003C8F40B30076484B2F761F02CC92015204FFE004
:203CB00000C4761F02D5D90CE2AF00088AA17648BB59FFEF00BA28AC00058F40B084302273
:203CC0008D40B104761F02C6560100A58AA1CC2C000F761F02CEA042E2AF003CDC048F4014
:203CD000B30076484B2F761F02CC92015204FFE0009C761F02D58AA1E2AF00087648BB5920
:203CE000FFEF0093020107241EA61E24FF20012C0FA6FFE6008A0200E801E7A9E801EE60ED
:203CF000C4028F00B1041E24E80E1479E80E6668C212761F02C8E2AF020ADC04761F02CC0E
:203D0000E700008906061E14E0040116E8020A8156BF012056BF0221E203001AE203011C16
:203D1000761F02D5E2AF00087648BB596F5D761F02C28F00B0829A009B0256BF01007648CB
:203D2000FA3F761F02C392A156BF04006045761F02C6C40CE801E118E801D41A02C8761FBA
:203D300002C8E801CC19E2AF030AE80EB850761F02C6E808937A1E0CE70000C0CC2A00809E
:203D4000E8089379E8502804761F02CCE801EE60FFC6C210E7000112761F02C2E80E6668BB
:203D500056BF0101761F02CC9626761F02C6182AFF7F0200761F02CCE0062202E801F802AE
:203D6000E2030104E2030406E20302082B2256BF02001E246F09761F02C256BF0501761F54
:203D700002CC56BF0F00FE82E2AF04BE8BBE0006FE02761F02A6E2AF0100761F0315E8516A
:203D80005849E2AF002AE8504800E68C0009E68C0000761F0012BFA60F16BFA90F1293A964
:203D900040116D5042116D154111FFEC00F5761F0281921CFFE000E0761F031EC500761F69
:203DA000028156BF011CC3207E279728FFEF00D4761F0281921C600B761F031EC500761F04
:203DB000028156BF011CC3207E279728922A600B761F031EC500761F028156BF012AC3300A
:203DC0007E379738923A600D761F031EC500761F028156BF013AC33E761F02827E05970609
:203DD000761F02829208FFE000A7761F031EC500761F028256BF0108C30C7E139714FFEFEF
:203DE000009B0A249224521469135215600E761F010240156C2B761F028056BF0136761F11
:203DF00000121A1100106F2256BF16246F1F7622761F01021A190001761F01061A190001C4
:203E0000761F010A1A190001761F010E1A190001761F01121A190001761F01161A1900013A
:203E1000761F011A1A190001761A761F00121B2303E8681843116D6F761F031EC502761F8C
:203E2000028056BF011EC31C7E25761F0012282303E8761F02809726761F00121A110008BF
:203E30006F5A761F0281920C6016761F031EA300761F028156BF010C761F031EC502761FD8
:203E40000281A90E7E19971A9219761F0280C334963D973E761F0281921C600B761F031E98
:203E5000C500761F028156BF011CC3207E279728922A600B761F031EC500761F028156BF2D
:203E6000012AC3307E379738923A600D761F031EC500761F028156BF013AC33E761F02826A
:203E70007E059706761F028242236D051A2300047E29972A761F02809216600D761F031A9B
:203E800088009316922C761F028056BF01167E189719961A761F0281921C52016026921EAB
:203E90006024761F02E5E801FB30E2AF020C761F0315E80B3330E304012AE6950009E6944C
:203EA0000001AD14650E761F02810A1D921D5214680C56BF141D56BF011F56BF011E6F05E2
:203EB000761F028156BF011E922A52016032922D60300A2C922C521A662A761F02A6E2AFF8
:203EC000000A761F031DE2AF0208761F0315E300812AE8120901AD146505E8160900AD1456
:203ED0006409E8160901AD146314E8120900AD146510761F02810A2B922B5214680A56BFF5
:203EE000142B56BF012E56BF012D6F0356BF012D761F028242236C7240236D700A219221CD
:203EF0005206691B761F00129227761F02821A23000152056863761F02E31A240001761FAF
:203F000002E31A320001761F02E41A0C0001761F02E41A1A00016F52761F02A6E2AF000A84
:203F1000761F031DE2AF0108E70000087700E8120D00AD146414761F0315E801EFA9E2AFDD
:203F2000032A761F02E5E80E1479E3261A0EE70000897700E694000BAD146318E8160D0071
:203F3000AD14622C761F0315E2AF032AE805EFA9761F02E5E326020EE80E1479E7000089AA
:203F40007700E6940008AD146219761F02820A22922261141A230002761F00129227761F8A
:203F500002822B212B221A23000152006107761F0012543469039CFF9627761F02A692106A
:203F600052016065761F001292119311FFC1FFD0CA11CBA940A86C5B761F00130A1792173C
:203F700052046855761F02812B0C2B122B0D2B1C2B1F2B1D2B1E2B2A2B2E2B2C2B2B2B2D85
:203F80002B3A761F02E79212761F02812B3D2B3B900F2B3C761F02822B212B082B0B761F4B
:203F900002802B16761F02822B09761F00121811FFF8761F02821823FFF8761F00132B1705
:203FA000761F02802B175202761F02822B0A601C761F001243116D1844116D16761F02EFAC
:203FB00056BF0207761F02EF56BF0203761F02EF56BF0204761F02EF56BF0205761F02EF6A
:203FC00056BF02066F04761F02EF2B07FE820006B2BDAABDFE027648E5AD7648E4AA02009F
:203FD0001E427648DCEA8F060001A8A97648E73A02001E4202017648DCEA8F060200A8A956
:203FE0007648E73A0201D4017648F19F8D807F008AA20200DC021AC400021E420202764822
:203FF000DCEA8F060401A8A97648E73A02001E4202037648DCEA8F060600A8A97648E73A6B
:20400000D40102037648F19F0200761F01FC1E421A02000802047648DCEA8F060801A8A9E7
:204010007648E73A02001E4202057648DCEA8F060A00A8A97648E73AD40102057648F19FCB
:2040200002001A0200201E4202067648DCEA8F060C01A8A97648E73A02001E42020776485B
:20403000DCEA8F060E00A8A97648E73A0207D4017648F19F02001A0200801E4202087648E5
:20404000DCEA8F061001A8A97648E73A02001E4202097648DCEA8F061200A8A97648E73AFC
:20405000D40102097648F19F02001A0202001E42020A7648DCEA8F061401A8A97648E73A38
:2040600002001E42020B7648DCEA8F061600A8A97648E73AD401020B7648F19F02001A0224
:2040700008001E42020C7648DCEA8F061801A8A97648E73A02001E42020D7648DCEA8F06CE
:204080001A00A8A97648E73AD401020D7648F19F02001A0220001E42020E7648DCEA8F06DD
:204090001C06A8A97648E73A020ED4017648F19F8D407F008F0040000200A8E11E42020F74
:2040A0007648DCEA8F061E00A8A97648E73AD401020F7648F19F02011A0280001E42021054
:2040B0007648DCEA8F080000A8A97648E73AD40002107648F19FD40202107648F0000201D8
:2040C0001E4202117648DCEA8F080200A8A97648E73AD40002117648F19FD4020211764844
:2040D000F00002011E4202167648DCEA8F080C00A8A97648E73AD40002167648F19FD402FE
:2040E00002167648F00002011E4202177648DCEA8F080E00A8A97648E73A0217D40076487A
:2040F000F19FD40202177648F00002001E4202197648DCEA8F081201A8A97648E73AD401D3
:2041000002197648F19F02011E42021A7648DCEA8F08140BA8A97648E73AD403021A76489C
:20411000F00002011E42021B7648DCEA8F08160BA8A97648E73AD403021B7648F00002010E
:204120001E42021C7648DCEA8F081801A8A97648E73AD403021C7648F00002011E42021D78
:204130007648DCEA8F081A01A8A97648E73A02001E42021E7648DCEA8F081C00A8A9764841
:20414000E73A021ED4017648F19F9A00BE0028A840001EE1021FC2427648DCEA8F081E0036
:20415000A8A97648E73AD401021F7648F19F9A00BE0128A880001EE10221C2427648DCEA88
:20416000FF2923017648E73AD40002217648F19FD40202217648F0007622761F01F11A10DF
:204170000002761A02011E4202227648DCEAFF2A11817648E73AD40002227648F19FD402DC
:2041800002227648F00002001E4202277648DCEAFF2923077648E73AD40102277648F19FC1
:204190008D407F08BE0002801EE10228C2427648DCEAFF2C04617648E73AD401022876489E
:2041A000F19FDA0C02001AC201001E4202297648DCEAFF2923097648E73AD40102297648AA
:2041B000F19F761F01FC02001A0C02001E42022A7648DCEAFF2A11857648E73AD401022AF4
:2041C0007648F19F8F0004000200A8E11E42022B7648DCEAFF29230B7648E73AD401022B2B
:2041D0007648F19F8F0008000200A8E11E42022C7648DCEAFF2B08C37648E73AD401022C76
:2041E0007648F19F8F0010000200A8E11E42022D7648DCEAFF29230D7648E73AD401022DF9
:2041F0007648F19F8F0020000200A8E11E42022E7648DCEAFF2A11877648E73AD401022E6E
:204200007648F19F8F004000A8E1FE8286BE8BBE0006C5A4B2BD27A993EF53036015762258
:204210005207BE006102BE0193AB29018F00C4B095A6560301A8560100A4029B07C48AA917
:204220001AC40004761A88C79BA092DF95A654A8FFE7014F54A6FFE700DA9BA095A955A676
:20423000696A92AB520760460EA6761F014A0F08670688A60ECF1E0AC2086F050EC71E08DB
:204240000ECF1E0A92AB29018F00C4B0560301A9560100A48AC4D16393C7D06D979C93D73B
:204250005594671192C7D06B9ECF567400A8969493C792CFD06D9DFE94D7567400A89694B6
:20426000FFEF0195560301AB8F00C4B0560100A492CF93C794D78AC49DFED06D567400A8F9
:20427000969492C7D06B9ECF567400D79694FFEF017E29018F40C4B0560301A907A58AA97C
:20428000D06392AB9C01C4C427A9D16B92C796962FCF560301AB07A5579E8AA9D06D27D7E6
:204290003F968AC4D16392C7D06B969C92CF9694FFEF015D92AB5207604888C7761F014AAD
:2042A0000EA60F08670688A60ECF1E0AC2086F050EC71E080ECF1E0A92AB29018F00C4B0EB
:2042B000560301A9560100A48AC4D16393C7D06D979C92D75494671193C7D06B9FCF56750D
:2042C00000A9979492C793CFD06D9CFE95D7567500A99794FFEF011E92AB8F00C4B05603C7
:2042D00001A9560100A493CF92C795D78AC4D06D9CFE567500A9979493C7D06B9FCF567570
:2042E00000D79794FFEF010629018F40C4B0560301A907A58AA9D06392AB9C01C4C493C789
:2042F000D16B27A997962FCF560301A907A5579E8AA9D06D2FD757968AC4D16393C7D06B59
:20430000979C92CF9694FFEF00E592AB5207605088C7761F014A0EA60F08670688A60ECF54
:204310001E0AC2086F050EC71E080ECF1E0A92AB29018F00C4B0560301A9560100A488D760
:204320008AC4D06D93A65594671092C7D06B9ECF567400A6969493CF92C7D06D95D79CFEC0
:20433000567500A997946F1792AB8F00C4B0560301A9560100A493CF92C795D78AC4D06D58
:204340009CFE567500A9979493C7D06B9FCF567500D79794560301AB8F40C4B0560100A510
:20435000026307C58AA992C796C4FFEF00A029018F40C4B0560301A907A58AA9D16B92ABE0
:204360009C01C4C42FCFD06327A9579E92C7D16D9696560301AB07A58AA927D73F9E88CF49
:204370008AC4D06B7E94D06392C796946F7F92AB5207605088C7761F014A0EA60F08670641
:2043800088A60ECF1E0AC2086F050EC71E080ECF1E0A92AB29018F00C4B0560301A95601E8
:2043900000A488D78AC4D06D93A65594671092C7D06B9ECF567400A6969493CF92C7D06D53
:2043A00095D79CFE567500A997946F1792AB8F00C4B0560301A9560100A493CF92C795D76D
:2043B0008AC4D06D9CFE567500A9979493C7D06B9FCF567500D7979492AB8F40C4B0560380
:2043C00001A9560100A5026307C58AA993C797C46F2029018F40C4B0560301A907A58AA940
:2043D000D16B92AB9C01C4C42FCFD06327A9579E93C7D16D9796560301A907A58AA92FD78C
:2043E000579E88CF8AC4D06B7E94D06393C797947622560301AB8F00C4B0560100A4029BE6
:2043F00007C48AA91AC40004761A8BBE0006B2BDAABDA2BD5AADDA8A08AD01605CAD08A483
:20440000FEA85BA45CAD76C831D828A90101D061DCD688A48AC2D160F7A92483F6552B8605
:204410009394929C7648F91BD0C3D1C227A99394929C7648F91B80A97648FF53D10988A904
:2044200093ABD00F92A87F92D00ECA9C7E92D00FCA92D00ECA92D0112B92D00AA092FFE1C1
:2044300001A4D00992945201601E5DAD08A5FEA888A58D000114C5A4D114C29292ECD013C8
:204440009692DF08D01292E49692D01592F4969AD1179692D01692FC9692D01128920001EA
:2044500092C7969A53016054D061D1609294D00D9692549C67049C10D00D9692D0609294CC
:20446000D0109692D0109392D00D929254A868402901D0105B9292A352106802DB905DAD1D
:20447000D01108A5FEA89A062D922BAA27A55DAD36A9B606D011DDD6560100AB88A52DA3C0
:204480009292560301A9560100A636A707A409621EA7A9A5A9C6D01092CF96CD92C796C52B
:2044900092D796D592DF96DD92E796E59292D0109C0193EF9692D0119292D0119C0196926A
:2044A000D01097ED9392D00D929254A867C3D00F929252016054D0C3D1C29294D00D9692F1
:2044B000549C67049C10D00D9692D0C29294D0109692D0109392D00D929254A8684029014C
:2044C000D0105B9292A352106802DB905DADD01108A5FEA89A062D922BAA27A55DAD36A97C
:2044D000B605D011DDD6560100AB88A52DA39292560301A9560100A636A707A409C41EA740
:2044E000A9A5A9C6D01092CF96CD92C796C592D796D592D796DD92DF96E59292D0109C016A
:2044F00093E79692D0119292D0119C019692D01097ED9392D00D929254A867C3D00E9292AD
:2045000052016040D01029012B92D0109A01D10A2D92FF66CE9C612F5DADD0119A0608A535
:20451000FEA82D922BAA36A927A55DADD011B606560100ABDDD6929288A5D010560301A916
:204520002D92560100A636A707A4090C1EA7A9A5A9C6D01192CF96CD92C796C592DF96D56B
:2045300092D796DD92E796E59292D0119C0193EF969297EDD01092929C01D010520E9692C2
:2045400068C5D0102B92D400D300D0119292615554A369535DADD010DDD65DA5290192928F
:20455000560301A9560100A583C592C5603BD01052005B9260202901D01192929CFF54A3B2
:20456000690E5DADDDD65DA5DB0192A3560301A9560100A583C592C561F06F0D5DADDDD6CC
:204570005DA592A32901560301A9560100A583C592C561195DADD010DDD65DA5889292A3C4
:20458000560301A9560100A5560301A688ADDED688A6560100A6C5C6DC0106C5C3C51EC669
:204590006F02DC01D0109292D0109C019692D0119292D010549266ADD0117C92D0102B92AA
:2045A000D0119292613129019A01D01094925BA9D011929254A3691E5CADDCD688A45CAD22
:2045B000D010929280A3DCD65DA4560301A9560100A6560301A7560100A5C5C68AC592CFD9
:2045C00054CC6903C3C5A8C6D011DB01929254A366E4D0109292D0109C019692D011929289
:2045D000D010549266D25CADD00ADCD65DA48A92D01192927648DF5A08ADFEA082BE86BE48
:2045E0008BBE0006B2BDAABDE20304BDE20305BDE20306BDE20307BDFE08761F0011403ECE
:2045F000FFED0188413EFFED0167423EFFED00A4433E6D39443EFFEC01A8761F02EF9202FC
:2046000052036028761F00109200520361059A047648F5526F197622761F01EA1836FFFD3E
:20461000761A764885347648F5C47648FEFF9A007648F552761F02EF8F01869E56BF010260
:20462000A8A97640C493761F0011183EFFEFFFEF017C9A007648F552761F0011183EFFEF3E
:20463000FFEF0173761F001092005202611E52036013920152066107761F0011183EFFF7F1
:20464000FFEF01639A037648EC18761F0011183EFFF7FFEF015A9A047648F552761F001125
:20465000183EFFF7FFEF0151761F0011E2C4002FE801EE65E2C40630E801E51AE801EE6408
:20466000E801E519E801EE63E2C40732E2030044E2030646E80E666DE2C40031E80EB85240
:20467000E80E666CE80EB851E80E666B761F0010E203004856BF0300761F0011E2AF004437
:20468000E2C40633761F0010E7000028E30E9546E00B2012E68E0010E30C7D48E00ACC149C
:20469000E68E003AE2030116E2130018E2130219FFEF010B761F001092005201611D5202ED
:2046A0006012473A6D07761F0011183EFFFBFFEF00FC9A027648EC18761F0011183EFFFB5F
:2046B000FFEF00F39A047648F552761F0011183EFFFBFFEF00EA761F0011E2C4001CBE0171
:2046C0002901761F0010E8504800183AFFF0E68E00001A3A0001E213003D92A68F00C4B014
:2046D000560301A9803D560100A493A628A903209D0188A88AC4D16394A7D06B969C92A6B2
:2046E0007F9418C4FFFB520669E9883D28A803209A02D16B8D804600761F0119D06D95A61D
:2046F0008F00400094A6972356BF029A9B0196929A0118C2FFFB7648C3129A019B018F00AA
:2047000041007648C3129A029B018F0042007648C3129A029B018F0043007648C3129A03EF
:204710009B018F0044007648C3129A039B018F0045007648C3129A049B018AA27648C312EE
:204720007622761F01EABE0129011A36000292A68F00C4B0560301A9560100A48AC4DE01C0
:2047300092A618DCFFE0520769F3761A761F001028A90320933D761F014A94A880A818153F
:20474000FFEF5CA92BAA27A988A9A8000EA8761F0010183AFFDF761F014AA904C306C2083D
:20475000761F001056BF02001A3A0010761F014A1E0A6F4A761F00109200610B520161050C
:204760009A047648F5526F109A017648EC186F0C56BF01008F0004408F40C60076484E9B1A
:204770009A017648EC18761F0011183EFFFD6F2C761F02EF920252036118761F031DE2AF0B
:204780000008E8120D00AD146218761F02EF56BF0302761F00102B007648F4C17648FF0827
:204790009A007648F5526F0C761F0010920060059A007648F5526F049A047648F552761F09
:2047A0000011183EFFFEFE88E2AF07BEE2AF06BEE2AF05BEE2AF04BE86BE8BBE0006E20345
:2047B00004BDFE02761F0316E2AF0000761F0315E2AF0100E3120102761F0316E20300001F
:2047C000E2AF0002761F0315E3120104761F0316E2030002E2AF0004761F0315E3120106CC
:2047D000761F0316E2030004E2AF0006761F0315E3120108761F0316E2030006E2AF0008BE
:2047E000761F0315E312010A761F0316E2030008E2AF000A761F0315E312010C761F031679
:2047F000E203000AE2AF000C761F0315E312010E761F0316E203000CE2AF000E761F031581
:20480000E3120110761F0316E203000EE2AF0010761F0315E3120112761F0316E2030010F8
:20481000E2AF0012761F0315E3120114761F0316E2030012E2AF0014761F0315E31201162B
:20482000761F0316E2030014E2AF0016761F0315E3120118761F0316E2030016E2AF00181D
:20483000761F0315E312011A761F0316E2030018E2AF001A761F0315E312011C761F0316E8
:20484000E203001AE2AF001C761F0315E2AF021EE310482A761F0316E203011CE2AF011E89
:20485000E71000897700E203011EE300012A761F0315E3120120761F0316E203002AE2AF2E
:204860000020761F0315E3120122761F0316E2030020E2AF0022761F0315E3120126761F8F
:204870000316E2030022E2AF0026761F02A69210E7100040761F0316E20300260A2C5202F8
:20488000FFE000F0E2C4002CE801FC018F40C500E27400088D00C700A0428AA08F40C5802B
:20489000E6CF00037648E1DF76C0C7127680C5068F40C588E6CF0018C2428AA77648E1DF66
:2048A0007680C50C8F40C590E6CF0018C2428F00C7247648E1DF7680C5128F00C7368F401C
:2048B000C598E6CF0018C2427648E1DF761F02E6920252016050761F02EF92035201601F3B
:2048C000761F02EF92045201601A8AA083A77648ECDA761F031392006015761F031CE2AF20
:2048D0000012E2AF0100E6940001AD1464039A016F029A02761F031396006F04761F03137A
:2048E0002B00761F02EF920552016021761F02EF92065201601C8F00C7248F40C7367648AB
:2048F000ECDA761F031392016032761F031CE2AF0036E2AF0124E6940001AD1464039A01A3
:204900006F029A02761F031396016F21761F03132B016F1D761F031C06041E0E06161E2011
:20491000C4280602C232C43A1E100614761F031DC204761F031C1E2206261E340638761F99
:2049200003132B012B00761F031D1E06761F0316E2AF012AE801C288761F02A7E2AF0202C1
:20493000E7000051E80DB8C0E7000040761F0316E2AF0220E2770001761F0314E2AF041C83
:20494000761F031DE7000098E2030108E203001AE2AF021A761F0316E3189426E2AF012272
:20495000761F031DE7000059E008C21AE203011CE20300207648C8878F40C6808AA5E2AFA5
:20496000000A7648F73F8AA5E2AF00087648F942761F02E48F00C580F62D2B841A28000411
:20497000FE82E2AF04BE0006B2BDAABDA2BDE20304BDE20305BDFE0482A4E801E11AD00CE4
:20498000A04286528A54D11A92CDE80EB8529001CD93FFFED00CCAA888A9A8449693D00CD7
:20499000560302F59007CDA6FFFBCAA89693D00CCCA9FFF7CDC50010FFD0CBA99793E2C41C
:2049A00003D5D01CE70000D3E801D41AE808937AE203039BE2C403DDD11EE70000D3E8010A
:2049B000DD1AE2030393E2C403E5E80EB852E3069CC4E801C68AE70000E3E80DB8BAE7004D
:2049C00000D2D500E203029B8A425633D00B28AB00015C94566100A5D10BD00B565100A45C
:2049D0008A42E6CF000CE6CF0005E801EE603F9CE2C40194E80E6668E70000407700E85099
:2049E000D2017700E68A0009D028E20301938342E801EE60E80E66688AA3E2C401EDDC2006
:2049F000E70000407648F4448A42E801DD18D00CE2C402948A44E80EB850E801C689E700DD
:204A00000080E2AF02C4E7000010E80DB8B9E7000008D02CE2030093E2AF00D4E8AFE00023
:204A1000D024E20300938A4246C46D068A44D02206E41E936F1CD00AE801D418E2C80194FD
:204A20008A44D122E8089378E7000040E2AF02C4E7000010D022E2030093D022E2AF009BBD
:204A3000E2AF01E4E6960008E20300938A42E801EE60E801E11BD12AE2C401FCE80E6668AA
:204A4000E7000040D02EE850D200E801D41AE68A0000E80EB853E203009B92CACD93FFFEA6
:204A50009001D02ECAA8D12E93A99693CDA8FFFBD02E92C29002FF80CAA89693CCA9FFF709
:204A600093C29104FF90CBA9979BE2C401D23B01E7000059D03CE2030193E2C401DAE8082C
:204A7000937AE7000050D03EE2030093E801DD1892E2FF5C8A4485A9BDA90F16D040E80E22
:204A8000B850E2AF03C45633E689000AD400E7000080E801C68AE7000018E80DB8BAE700F3
:204A90000010566100A4E20300935DF2E801EE63E80E666B28AB0001565100A53FF2E2C4DC
:204AA00001F2E801EE62E7000058E80E666AE850D2008AA3E68A0001D04AE2030193E2C4E4
:204AB00001EADC42E70000507648F444D146E801DD18E2C402FA8A44E801C689E80EB85015
:204AC000E7000080E2AF02C4E7000010E80DB8B9E7000008D04EE2030093E2AF00D4E8AF3A
:204AD000E000D044E203009B06E41E93C542E801EE63E2C401FFE80E666BE7000058770053
:204AE000E850D2008AA3E68A0000D04CE20300938344D108D00ADC0C06D51EF306E51E9B89
:204AF00006C583A31E937648F7AF8AA3DC2E7648F7AF92C743A96D13FFC752506004D01A8A
:204B0000E2AF0493E20304E392C2FFC752516004D03CE2AF0593E20305D36F198A42D10861
:204B1000E801E118D009E2C4019CE80EB850E7000041E801E11DE20301E3E2C40194E80E80
:204B2000B855E70000687700E20300D3FE84E2AF05BEE2AF04BE82BE86BE8BBE0006B2BD7F
:204B3000FE0293CDC548FFE101035301FFE100E6530261195303FFE001A8D02402010795BA
:204B40001EA6D0241E95FF20012C0FA6FFE6019DD0248AA502001E9556BF04CDDC220AC4DC
:204B5000FFEF019352036058D00CE2AF0095D118D00EE2AF0195E7200008E2AF039DE6950B
:204B60000000E6940018AD14650718C7FFFE761F02C256BF0301D0219295CDC7F001900FEC
:204B7000D021FF87CAA896C792955201610852026004E80216406F05E5906F03E8020900B6
:204B8000D00CE2AF0195E70000407700E68E0000D021E21300D792955201610852026004A8
:204B9000E80216406F05E5906F03E8020900D00EE2AF0195E70000407700E68E0000D00A86
:204BA000E21300E7C4950200D024C2C41E9556BF03CDFFEF013AC4A50201D024DE245601CA
:204BB00000C6020A0795BDA90F16770077007700E801D418E68B0009E8089378E700004016
:204BC000D10CE8502800D00EE2030095D018E2AF009DE2AF0195D00EE7100040E2AF0195C7
:204BD000E6940001AD14FFE50110761F02C256BF0301D021CCC7FFFE96C79395CCA9F001B6
:204BE000910FD021FF97CBA997C792955201610852026004E80216406F05E5906F03E8029C
:204BF0000900D00CE2AF0195E70000407700E68E0000D021E21300D7929552016108520293
:204C00006004E80216406F05E5906F03E8020900D00EE2AF0195E70000407700E68E00008B
:204C1000D00AE21300E7C4950200D024C2C41E9556BF03CDFFEF00C9D024020107951EA752
:204C2000D0241E95FF20012C0FA7FFE600BED1240200D0141E9D56BF02CDE2AF0195E71090
:204C300000407700E20300C4FFEF00AF5203606AD00CD10AE2AF0195D012E2AF0295E3027B
:204C40008B9DE7200018E850D209D10AE7200041E2AF02C4E7100088D016E20300C4E2AFE1
:204C5000019DE7200040E2AF0395E6950000E6940018AD1462041AC700016F0718C7FFFECE
:204C6000761F02C256BF0301D02056030C95CDC70FFFD020CAA896C7929552016108520240
:204C70006004E80216406F05E5906F03E8020900D00AE2AF0195E70000407700E68E00001F
:204C8000D020E21300CF92955201610852026004E80216406F05E5906F03E8020900E2AFA6
:204C900001C4E70000407700E68E0000D00AE21300DFC4950200D024C2C41E9556BF01CD14
:204CA0006F43D012E2AF00C4E2AF0195C4A50201D124E7100040D01EE20300C4DE2456015C
:204CB00000C606950F9D6630D0240200761F02C21E9556BF0301D020CCC7FFFE88A996C718
:204CC00056030C95D020CDA60FFFCAA896C792955201610852026004E80216406F05E590D6
:204CD0006F03E8020900D00AE2AF0195E70000407700E68E0000D00AE21300CF2BDF069509
:204CE0001EC456BF01CDFE828BBE0006B2BDAABDA2BDFE02A8A982A486A509868B4C8AA9B0
:204CF0007648C5568D000246A2A9FF110087E2AF00928AA97648EEFC8D00024EA2A9FF11DE
:204D000000AFE2AF00928AA97648EEFCA2A983A1FF1100D78AA986A97648D775D0FEA2A90B
:204D1000FF1100E3E2AF00938AA97648F3218D4001BC8D00010606938AA21E9B8D4001BE3F
:204D200006931E9B8D4001C006931E9B8D4001C206938D0001AF1E9BCC9300078D0001B47A
:204D3000E2AF00937648E8578D0001AFCC9300388D00011CFFC2E2AF00937648E8578D0055
:204D400001AFCC9301C08D00013EFFC5E2AF00937648E8578D0001AFCC930E008D00016C2E
:204D5000FFC8E2AF00937648E8578D0001AFCC9370008D00018EFFCBE2AF00937648E85748
:204D60008D4001068D0001BCE2AF009BE2AF0193E6940001AD14FFE400B58D0001BEE2AF13
:204D70000193E6940001AD14645F8D0001C0E2AF0193E6940001AD1464098D0001C206938B
:204D80008D0001C41E93FFEF00E906938D4001C48D0001AF1E9BCD930038FFD28D0001061B
:204D900088A8A2A9E2AF0093FF11008D8AA99A0493A67648F7D38D0001AFCD9301C0FFD503
:204DA0008D00010688A8A2A9E2AF0093FF12004F8AA99A0493A67648F7D38D0001AFCD9331
:204DB0000E00FFD88D00010688A8A2A9E2AF0093FF1100B58AA99A0493A67648F7D38D00E7
:204DC00001AFCD937000FFDB8D00010688A8A2A9E2AF0093FF1200638AA99A0493A676480A
:204DD000F7D3FFEF009B06938D4001C48D0001AF1E9BCD930038FFD28D00010688A8A2A9D7
:204DE000E2AF0093FF11008D8AA99A0393A67648F7D38D0001AFCD9301C0FFD58D0001069B
:204DF00088A8A2A9E2AF0093FF12004F8AA99A0393A67648F7D38D0001AFCD930E00FFD891
:204E00008D00010688A8A2A9E2AF0093FF1100B58AA99A0393A67648F7D38D0001AFCD936C
:204E10007000FFDB8D00010688A8A2A9E2AF0093FF1200638AA99A0393A67648F7D36F4D44
:204E200006938D4001C48D0001AF1E9BCD930038FFD28D00010688A8A2A9E2AF0093FF11A5
:204E3000008D8AA99A0293A67648F7D38D0001AFCD9301C0FFD58D00010688A8A2A9E2AF73
:204E40000093FF12004F8AA99A0293A67648F7D38D0001AFCD930E00FFD88D00010688A889
:204E5000A2A9E2AF0093FF1100B58AA99A0293A67648F7D38D0001AFCD937000FFDB8D000A
:204E6000010688A8A2A9E2AF0093FF1200638AA99A0293A67648F7D38D0001C4E2AF009312
:204E7000D19ED09CE2AF01938D000102E6970008E2030093E2AF019BE2AF00938D4001C6B0
:204E8000E6960008E2030093E2AF019BE2AF00938D4001C8E6970008E2030093E2AF019B05
:204E9000E2AF0093FE82E6960008E203009382BE86BE8BBE0006B2BD761F00122BC4768094
:204EA0000490CC000010CDCCFFFEFFC3CAA880A996CC930092C6FFD0FFC1CAC6CBA992001D
:204EB000FFC1CAA89300D032FFD2CBA9560301A89003CDA7FFFDCAA8761F001296CCCCA9E1
:204EC000FFFB93C69102FF90CBA997CCCDA8FFF7CCC60020FFC1CAA893A9CDA8FFEF96CC36
:204ED00092C69010CAA893A9CDA8FFDF96CC92C69008FF81CAA893A9CDA8FFBF96CC92C65C
:204EE000FFC0CAC6FFC19040CAA893A9CDA8FF7F96CC9212FFC1CA12FFC0CAD69002FF851B
:204EF000CAA893A9CDA8FEFF96CC9213FFC1CA13FFC0CADE9002FF86CAA893A9CDA8FDFF41
:204F000096CC9214FFC1CA14FFC0CAE69002FF87CAA893A9CDA8FBFF96CC9215FFC1CA159F
:204F1000FFC0CAEE9002FF88CAA896CCCCA907FF9311FFD0CBCE9108FF97CBA997CCE2AFFF
:204F20000095E85048007700E88FC0007700E68E0000D034E21300D4E2AF0095E850480050
:204F30007700E88FC0007700E68E0000D036E21300DCE2AF0095E85048007700E88FC0009D
:204F40007700E68E0000D03AE21300E4E2AF0095E850B2007700E88FC0007700E68E0000DA
:204F5000D038E21300ECE2AF0095E850B200D108E88FC000761F0313E68E0000D009E2134B
:204F600000F49204761F01D096FCC63B761F01D4969CC63B9694E2AF00C5E850480077009A
:204F7000E88FC0007700E68E0000D00AE2130094E2AF00D5E850B2007700E88FC000770027
:204F8000E68E0000D00BE2130094E2AF00E5E85048007700E88FC000D10CE68E0000D0086C
:204F9000E213009CE2AF0095E85048007700E88FC000D10DE68E0000D00AE213009CE2AFCE
:204FA0000095E850B2007700E88FC000D10EE68E0000D00CE213009CE2AF0095E85048005E
:204FB0007700E88FC000D10FE68E0000D010E213009CE2AF0095E85048007700E88FC0001A
:204FC000D110E68E0000D012E213009CE2AF0095E850B2007700E88FC000D111E68E0000F5
:204FD000D014E213009CE2AF0095E85048007700E88FC000D112E68E0000D018E213009C28
:204FE000E2AF0095E85048007700E88FC000D113E68E0000D01AE213009CE2AF0095E8502C
:204FF000B2007700E88FC000D114E68E0000D01CE213009CE2AF0095E85048007700E88FD7
:20500000C000D115E68E0000D020E213009CE2AF0095E85048007700E88FC0007700E68EB6
:205010000000D016E2130094E2AF00F5E85048007700E88FC000D117E68E0000D00EE2132E
:20502000009CE2AF0095E85048007700E88FC000D118E68E0000D016E213009CE2AF009586
:20503000E85048007700E88FC000D119E68E0000D01EE213009CE2AF0095E8504800770038
:20504000E88FC0007700E68E0000D01AE21300948BBE0006B2BDAABDA2BDE20304BDE203AC
:2050500005BDFE0482A4E801EE62D00CA042D10C86528A5492CDE80E666A9001CD93FFFEB9
:20506000D00CCAA8A8449693CCA9FFF7D01A93C59104FF90CBA9979BD11CE2C403D5563362
:20507000E70000D3E801C68AE2030393E2C403E5E80DB8BAE70000D2D01EE203029BC4D4FC
:20508000D40028AB0001E6CF0005C293566100A488FDE801EE60E80E6668E6CF000C565116
:2050900000A63FFDE2C401FD8AA3E7000040D028E850D201DC20E68A0009E801EE60E20392
:2050A0000193E2C401EDE80E6668E70000407648F444D008E801C6898A42E801DD18834466
:2050B000E80EB850E2C40294E80DB8B9E7000080E2AF02C5E7000010D02CE7000009E801B5
:2050C000EE60E2030193E2C401ECE80E6668E70000407700E850D2003B01E68A0000D02A64
:2050D000E2030093E2AF00D5E8AFE000D024E203009392DC9ED485A9BDA90F16D12ED01C7B
:2050E000E801EE60E80E6668E6890009E2AF0293E70000518A44E7000040D500E8CFE0007E
:2050F000E2AF01C4E7000008D022E2030093D022E2AF01E4E2AF0093D022E6960008E80106
:20510000EE61E80E6669E2030093D02EE801C68892CACD9BFFFE9001CAA89693D02ECCA96E
:20511000FFF793C29102FF91CBA99793E2C402D2E80DB8B8E7000089D03CE2030193E2C4F9
:2051200001E2D13EE7000040D040E203009BE2AF00D4E6AF0000E2030093E801EE60E80E27
:2051300066685CF2563328AB0001566100A5565100A43FF2E2C401F28AA3E7000040D04A07
:20514000E850D200DC42E68A0001E801EE60E2030193E2C401EAE80E6668E70000407648CC
:20515000F444E801DD18E801C689D04E8A44E2C402FAE80EB850E7000080E2AF02C4E700C0
:205160000010E80DB8B9E7000009E801EE60E2030193E2C401EAE80E6668E7000040770026
:20517000E850D2003B01E68A0000D04CE203009392DA9ED285A9BDA90F1677007700D03E44
:20518000E801EE60E6890009E2AF0293E7000051E80E6668E7000040D146E8EFE000E2AFB8
:2051900001C4E7000008D046E203009BD144E2AF00D4E8AFE001E2AF0093D046E697000804
:2051A000E203009306E41E9BD10806D41EF306E48AA31E9B8344D00ADC0C06C583A31E9315
:2051B0007648F7AF8AA3DC2E7648F7AF8A4292C4FFC752606004D01AE2AF0493E20304E304
:2051C00092C2FFC752616004D03CE2AF0593D00CE20305D39293D10CCDA9FFEFD02E9008D4
:2051D000FF80CAA8969B9293D02ECDA9FFDF9008FE84FF81CAA89693E2AF05BEE2AF04BE4A
:2051E00082BE86BE8BBE0006B2BDAABDA2BDE20304BDFE06D100E6CF000482A5964292A83A
:2051F0009743A8465204690E5205610A5206610852076103520860095943D9826F06D107C3
:205200006F04520061025943762252016129520261275203611852046116520561075206C7
:205210006105520761035208602729018F00C4B0560301A1560100A4029507C48AA91AC4E4
:2052200000406F1A29018F00C4B0560301A1560100A4029907C48AA91AC400046F0D290161
:205230008F00C4B0560301A1560100A4029907C48AA91AC4000229018D80C4B0560301A146
:20524000560100A2029B07C28AA91AC40004761A8AC292429CCE964196E402127640C4934E
:205250008AC2924196E402127640C4938AC228A902BC944296E4924352056004020776400A
:20526000C493762229018F00C4B0560301A1560100A48AC4D0CF2B94924352056107A8A98B
:2052700009978AA91AC400046F0B761F01EA02001A320002761F014A1A1500101E00761A52
:20528000028A7640C49329018F40C4B0560301A1560100A5029507C58AA941C46C0692432F
:205290005201612D5202612B560301A18F40C4B0560100A5029507C58AA942C46C06924320
:2052A0005203611D5204611B560301A18F40C4B0560100A5029507C58AA946C46C0A924324
:2052B0005205610D5206610B52076109520861078A46E80223D0E20300C46F20560301A1F0
:2052C0008F40C4B0560100A502CF07C58AA9E2C401C4E801E118E7000061E80EB850E70045
:2052D0000041761F02D7E2AF031EE27400C87700770077008A46E20300C47622924352059D
:2052E000610D560301A18F00C4B0560100A4029B07C48AA91AC400046F13D400761F014A94
:2052F0003100B600BE000200A808A90AC304C2061815FFEF1E00761F01EA1A320002924329
:20530000520161275202612552036117520461155205610752066105520761035208602427
:20531000560301A18F00C4B0560100A4029907C48AA91AC400406F18560301A18F00C4B048
:20532000560100A4029907C48AA91AC400046F0C560301A18F00C4B0560100A4029907C41D
:205330008AA91AC40002761A924352016112520361105205610E5207610C520261075204BB
:205340006105520661035208600656BF03EB6F0356BF03E3FF200BB67640C49376229243A1
:205350005201611E5202611C52036115520461135205610C5206610A5207610352086014F3
:20536000761F01D01A0D04006F0F761F01D01A0D08006F0A761F01D01A0D02006F05761F78
:2053700001D01A0D0100761A02267640C493FE86E2AF04BE82BE86BE8BBE0006B2BDE8015D
:20538000FDA1E801F838761F02D7E801F803E801FC02AABDE80FEFA1D00EE80D70A0E20367
:20539000012CA2BDE8021641E203032EE203020EE20304BDE2030010E2030122E801FC019C
:2053A0000694D0108D80B8041E1EE2AF0094E27400088DC0B68AD018E801FDA1E80FEFA168
:2053B000E2030020E801E7A80694E80E1478D01A1E240694D01E1E26E2AF0294E700008AB4
:2053C000D01EE801FDA1E7000080E80FEFA1E801EE62E80E666AE2030028E801F860E2AF8C
:2053D0000394E70000C9E80E6668E7000051E8020883E8020502E203012AE2AF0124E70067
:2053E0000041E801F3A8E80E1478E2030106E2030202E2AF0124E0021304E8020601E80207
:2053F0000200E203020CE203010AE2030008C502A3060604C40C761F02DAA908C304761F03
:2054000002D7C508761F02DA1E06761F02D7060A761F02DAC20EC30A1E0C8D00B70476C01D
:20541000B684F6052480E801E5687680B784F6052486E80E04C08D00B70AF6052482C5A386
:20542000E801E169E80E04C18D40B78AF6052480761F02D77680B80AF6052481D00ED10E4E
:20543000F60524867680B5D2E2AF0295E7000089D00EE20301C6E801E9E1E809DA79E2AF90
:205440000295E7000082D00EE801EC10E80A8398E20302D6E2AF029DE7000089D10EE2035B
:2054500001E6E2AF0195D00EE7000040E801EDA1E80FEFA1E20300F6E801F1A0E80FEFA050
:20546000E2AF0295E7000089D008E2030196D00AE2AF019DE7000040D112E2030096E2AF21
:20547000001E761F02D9E7100000069C1E00E2AF0100E2740009E8020704D0088F00B64292
:20548000761F02D8E850100BE850280AE8503808E20301C4E8504409E20303D4E20302E4B2
:20549000E8020A02E20300F4E801F660E80E6668E2030194E8020781E2030222761F02D7C7
:2054A000E8020E42E2AF0324761F02D8E70000C0E8020683E2030120E8020581E203010015
:2054B000E2030226E8020901E8020902E2030302E2030024E8020D03E203012AE2030206FC
:2054C000E8020581E8020D02E2030428E2030108E8020604E8020881E203032EE802078373
:2054D000E203002CE203030AE8020B83E2030132E8020601E203020EE8020842E2030430F6
:2054E000E2030110E8020E41E2030336E8020803E2030212E8020502E2030034E203033A45
:2054F000E8020703E2030116E8020801E2030238E80208C2E2030318E8020E43E203013E87
:20550000E203021AE203003CE2AF04BEE203031E82BE86BE8BBE0006B2BDAABDA2BDFE0604
:205510008D00032B82A52BAC86A4C45283504493FFED01598D0003219293FFE001752B41FB
:205520008D00026E9295CD41FFFE90018D0002E0CAA896415603019590038D00028ECD4146
:20553000FFFDCAA896415603029590078D000300CD41FFFBCAA896419295CD41FFF79001F2
:205540008D0002AEFF82CAA896419295CD41FFEF90018D000320FF83CAA896419295CD41E0
:20555000FFDF9001D036FF84CAA896419295CD41FFBF9001D01EFF85CAA896419295CD4186
:20556000FF7F90018D000352FF86CAA896419295CD41FEFF90018D000372FF87CAA89641D8
:205570009295CD41FDFF90018D000392FF88CAA896419295CD41FBFF90018D0003C4FF89CB
:20558000CAA896419295CD41F7FF90018D0003E4FF8ACAA896419295CD41EFFF90018D007F
:205590000404FF8BCAA896419295CD41DFFF9001FF8CCAA896419A01D0DEFF6693A9CF935C
:2055A000606FD0DC93A9CF936005CE416069530061059A01FF66CE41610C92AC9C01520E25
:2055B0002DA968EA9A005201615B5201FFE000DCA2A909DC8AA928AA00049A019B05FF6623
:2055C000D005FF5EC0C436A807A3095E8AA935055DA928AB000692AA28C4FFFF94A52FA9A3
:2055D00028CCFFFFAAA9098059AA28D4FFFF86A992A572A028DCFFFF92AB94A527A99A078F
:2055E00028E4FFFF94A580A99A0894A5289AFFFF59AB2892FFFF58A788A9A2A9289AFFFFAD
:2055F0002892FFFF58A6FF10032B8D4003228AA92892FFFF8D00032356BF069B8D40032171
:2056000057938D00032456BF05938D00031F56BF019356BF019B1AC40010FFEF00859A013A
:20561000FF6680A9A2A909DC8AA992A798C4A2A909DE8AA99B0692A7FF5EC0C436A807A649
:20562000BE05090C8AA936A607A3095E1EA71E4692DC96C73505964388D493A99A0494A8F9
:205630007ECF88E458A9AAA909807ED788EC86A9D10578427EDF93C79792934373A188CF1B
:205640007E9A8A469A0694A859A988D4D00773A07E9A92DC96929A047648F3A9D00888A98F
:205650008A46934373A0A2A97EE488E4FF10032B8D4003228AA97E928D00032356BF069B8D
:205660008D400321924296938D00032456BF05938D00031F56BF019356BF019B1AC40010E4
:205670006F228D00032A92935201601D8D0001009292520161068D000329929352016004D9
:205680008D0001002B928D000329A2A92B938D00032AFF10032B8AA98D4003212B932B9B5E
:2056900018C4FFEFFE8682BE86BE8BBE0006761F02A6E20304BD92125201E20305BD604DAB
:2056A000761F02E5921252016048D04F76C0B68042976C0D8F00B6C09A017648D3818AA70F
:2056B000764886F3761F02DB180FFFFBD04F76C0B70042976C0D8F00B7409A037648D3817D
:2056C0008AA7764886F3761F02DD180FFFFBD04F76C0B78042976C0D8F00B7C09A0776488A
:2056D000D3818AA7764886F3761F02DF180FFFFBD04F76C0B8004297FFEC010C8F00B84002
:2056E0009A057648D3818AA7764886F3761F02E1180FFFFBFFEF00FEE593761F02DAE592AC
:2056F000E591E590E203033E761F02DCE203023E761F02DEE203013E761F02E0E203003EBE
:205700007622761F01021A1B0004D4003100761F0106B600BE0002001A1B0004761F010A30
:205710001A1B0004761F010E1A1B0004761F01121A1B0004761F01161A1B0004761F014ABD
:20572000A808A90AC304C2061815FFEF1E00761F011A1A1B0004761A761F02DB9204520269
:20573000600556BF030456BF0305761F02DD92045202600556BF030456BF0305761F02DF49
:2057400092045202600556BF030456BF0305761F02E192045202600556BF030456BF0305C1
:20575000761F02A692105206604DE2AF000E761F02A9E2AF013C761F02ACE2AF043C761FFF
:2057600002AFE3022B3C761F02B28F00B680E308223C761F02D7E70000C3E304012CE700C2
:20577000014A761F02DAE0086220761F02DCE0065C20761F02DEE0004320761F02E0E2030A
:205780000020761F02DAE2AF00207648A2C0761F02DC8F00B700E2AF00207648A2C0761F88
:2057900002DE8F00B780E2AF00207648A2C0761F02E08F00B800E2AF00207648A2C0764835
:2057A000F064761F02A69211610E520160148F00B7807648E6138F00B8007648E613764846
:2057B000EF426F098F00B6807648E6138F00B7007648E613761F02EF92025201602A761F2B
:2057C00002EF920752016025761F02EF920352016005761F02DB56BF0104761F02EF9204EC
:2057D00052016005761F02DD56BF0104761F02EF920552016005761F02DF56BF0104761F79
:2057E00002EF920652016005761F02E156BF0104761F02D79200611752016029761F02DB10
:2057F000180FFFF7761F02DD180FFFF7761F02DF1A0F0008761F02E11A0F0008761F02D72D
:205800002B006F15761F02DB1A0F0008761F02DD1A0F0008761F02DF180FFFF7761F02E186
:20581000180FFFF7761F02D756BF0100E2AF05BEE2AF04BE0006B2BDAABDA2BDFE0286A5CA
:2058200082A98BA492CA5201FFE1014F5202617F5203612B5204FFE0016F0AC92DC21BACEC
:20583000012DFFE801691BAC013AFFE6016508ACFED39A0636A907A1090C8AA956030ED25F
:2058400096C492C272C492C996CCA2D4CCD2C000600592DA96E492E296EC9A01761F029CC4
:20585000FF66981DFFEF014829010AC9FF20A8C00FA369042B422B416F0708A35740284249
:20586000000128410001B2A909C28AA9B2A909C383A97648F632B2A909C41EA6D0C328ACD8
:205870000005309107A68AA9D0C356030ED296C4309107A68AA9D0C3924156030DA972C400
:20588000309107A68AA9D0C3924256030CA972C4309107A68AA9D0C392C272C480C93091F4
:2058900007A68AA9D0C37FCC309107A68AA9D0C37BD480DA309107A68AA9D0C37FDC80E26C
:2058A000309107A68AA97FE4FFEF00F60AC992D2FFE100845201FFE000EF2901FF20A8C093
:2058B0000FA369042B422B416F0708A35740284200012841000192C28AA17648A8BD52015E
:2058C0006140C4A1D06128AC00063091DE6207A68AA9D06156030ED296C4309107A68AA971
:2058D000D061924156030DA972C4309107A68AA9D061924256030CA972C4309107A68AA9E4
:2058E000D06192C272C480C9309107A68AA9D0617FCC309107A68AA9D0617BD4309107A6F8
:2058F0008AA9D0617BDC80DA309107A68AA9D0617FE480E2309107A68AA97FECFFEF009C56
:20590000C4A1D06128AC00063091DE6207A68AA9D06180C428C44000309107A68AA9D061C3
:20591000CCA7200072C4309107A68AA9D061924256030CA972C4309107A68AA9D06192C29E
:2059200072C480C9309107A68AA9D0617FCC309107A68AA97BDC6F6F2901FF20A8C00FA392
:2059300069032B416F0508A35740284100018AA183A1DC60DD617648F632C4A1D06128AC46
:2059400000063091DE6207A68AA9D06156030ED296C4309107A68AA9D061924156030DA9E8
:2059500072C4309107A68AA9D06192C272C480C9309107A68AA9D0617FCC309107A68AA99E
:20596000D0617BD4309107A68AA9D0612BDC80DA309107A68AA9D0617FE480E2309107A66F
:205970008AA97FEC6F2829010AC9FF20A8C00FA369042B422B416F0708A357402842000143
:205980002841000156030ED296E1C5A1924156030DA972E19242DF0856030CA972E192C2E2
:2059900072E192C996E97BF192DA96F992E296C792C172C9FE8282BE86BE8BBE0006B2BD42
:2059A000A2BDFE02C4A58D00018282A4D1F6834A0696D0F81E93929B5203620C5203614E4C
:2059B0005200FFE100835201616552026155FFEF008152046104520561316F7BA2A909EEC0
:2059C0008AA97648F9CCD0F0D1FA0693D0FA1E9BE2AF0093E5A0AD14636C8D400104E80176
:2059D000F4F0D0F8E2AF019BE80DC290E7000040E2AF0393E6940003AD14625BE2AF00D5E8
:2059E000E815F800AD146255D0F0E2AF0093E8B0C300D0FAE20300936F4CA2A9FF14001D83
:2059F0008AA906A6FF11012983A97648CC358D4001EED0FA069B1E936F3CA2A909D88AA9B1
:205A000006A6FF11012183A97648B512D1FAD0E006931E9B6F2EA2A909B88AA906A6FF1291
:205A1000008D83A97648B58BD1FAD0D006931E9B6F20A2A909B48AA97648E0BD8D00010649
:205A2000D1B6E2AF0293E2AF01E5D0F8E6950009E302939BE2AF0093E6970010E70000C08B
:205A3000D0FAE20300936F05D0FAE590E2030093D02C46936C0AD0AC9293900F52026005A5
:205A4000D0FEE590E2030093D0AE40936C3FD1F8D0B0E2AF009BE2AF0193E6CF0002E695C3
:205A50000009E6950012E694000AAD14642BD0FAE2AF0193E274000B77007700D0B2E2AF7B
:205A60000193E694000BAD146311E6CF000AE6AF0012E6940013AD146219E6AF0000E7002D
:205A70000008D0FAE20300936F11D0F8D1B2E2AF0093E2AF019BE7000008D0FAE20300937F
:205A80006F05D0FAE590E2030093D0FAE2AF0393E5A3AD1463388D400104E801F9C0D0F8CA
:205A9000E2AF019BE80A8F60E7000040E2AF0293E6940002AD14621DE801F2B8E80851E823
:205AA000E70000407700E6940002AD146207E8904018D0FAE20300936F16A2A909FA8AA98A
:205AB000E2AF00C4E89070007700E20300C46F0BA2A909FA8AA9E2AF00C4E8B060007700BA
:205AC000E20300C4D0FAE2AF0393E5A3AD1465388D400104E801F918D0F8E2AF019BE80E8F
:205AD000B850E7000040E2AF0293E6940002AD14631DE801F6E0E80947B0E700004077005F
:205AE000E6940002AD146307E8906818D0FAE20300936F16A2A909FA8AA9E2AF00C4E8B0D2
:205AF00030007700E20300C46F0BA2A909FA8AA9E2AF00C4E8B084007700E20300C48D002D
:205B00000100D1FEE2AF0293D0FAE2AF019BE2AF00937648F580D0FEE2030093FE8282BE3B
:205B10008BBE0006B2BDFE02D02140946D37761F031DD00AE2AF011AE2AF0094E694000173
:205B2000AD146308D01E92946142D01E9CFF96946F3E83A4D020D11EDD1E0AC59294549C3C
:205B3000663683A4D01E2B94DD211AC50001E2AF001AE8504800D00AE68C0000761F028574
:205B4000E2130013E2AF0094E85048007700E68C00007700E21300146F1A761F031DD00C15
:205B5000E2AF011AE2AF0094E6940001AD14630F83A4D020D11FDD1F0AC59294549C660761
:205B600083A4D01F2B94DD2118C5FFFE761F031DD00CE2AF001AE2AF0194E6940008AD14D3
:205B7000631706E4761F02831EC4921C5201604C761F031E0600D012761F02832B1C1E22C9
:205B8000E2AF0194E6940008AD1464496F5AD00CE2AF011AE2AF0094E3204BD4D108E70097
:205B90000059E2AF029CE70000517700E7200058761F0283E20300C4E2AF01F4E2AF00C4C1
:205BA000E6960008E20300C4921C601E761F031DE2AF001A761F031ED00C0600E850480014
:205BB000761F028356BF011CE68C00001E22E2130024E2AF0094E85048007700E68C000030
:205BC0007700E2130025761F031DD012E2AF011AE2AF0094E6940001AD146313761F029FE4
:205BD000D00E061E761F02831E94922852016048761F031E0600761F02832B281E2E6F400E
:205BE000761F031DD012E2AF011AD110E2AF0294761F029FE720008AE2AF001EE304139C4E
:205BF000D00EE700009AD114E7200080761F0283E2030094D00EE2AF029CE2AF0094D00E27
:205C0000E6960010E20300949228601A761F031EE85048080600D012761F028356BF0128CD
:205C1000E68C00001E2EE2130030E2AF0094E85048007700E68C00007700E2130031761FD1
:205C2000031DD01AE2AF011AE2AF0094E6940001AD146313761F029FD016061C761F02837F
:205C30001E94923452016044761F031E0600761F02832B341E3A6F3CD01AD118E2AF0094B5
:205C4000761F029FE7200008E2AF029CE300931CD016E8CFE012D11CE70000D0761F0283F1
:205C5000E2030094D016E2AF029CE2AF0094D016E6960010E20300949234601A761F031EA0
:205C6000E85048080600D01A761F028356BF0134E68C00001E3AE213003CE2AF0094E850F0
:205C700048007700E68C00007700E213003DFE828BBE0006B2BDE2AF00C5E85048007700AF
:205C8000E68E0000C446E21300C4E2AF00D5E850B2007700E68E0000C5A6E21300CCE2AFD5
:205C900000E5E8504800D00CE68E0000DF08E21300D40696D0081EE492C796DCE2AF009528
:205CA000E8504800D11AE68E0000D00AE21300F4E2AF0095E850B200C5A6E68E0000D00C77
:205CB000E21300FCE2AF0095E8504800DF16E68E0000D008E2130094D00A069ED1091E9469
:205CC000D01092C7C5A6969CD10CE2AF0095E8504800DF24E68E0000D012E213009CE2AFF0
:205CD0000095E850B200D10DE68E0000D014E213009CE2AF0095E8504800D128E68E00005B
:205CE000D00EE2130094D010069ED10F1E9492C7C5A6D018761F0287969CDF32E2AF0095F4
:205CF000E8504800D112E68E0000D01AE213009CE2AF0095E850B200D113E68E0000D01CEE
:205D0000E213009CE2AF0095E8504800D136E68E0000D014E2130094D016069ED1151E9442
:205D1000D02092C7969CE2AF0095E8504800D118E68E0000D022E213009CE2AF0095E85014
:205D2000B200D119E68E0000D024E213009CE2AF0095E8504800D11AE68E0000D02CE213D8
:205D3000009CE2AF0095E8504800D11BE68C0000D02AE213009CE2AF0095E850B200D11C2B
:205D4000E68E0000D030E213009CE2AF0095E8511E80D11DE68E0000D032E213009CD11E5D
:205D5000E2AF0095E8504800D014E68C00008F400490E213009CD1220696D03007F6079E12
:205D6000D1200796D0241E9CD124CD94FFFECCC50010FFC3D008CAA893A9CDA8FFFD969C08
:205D7000D1099295D00ACAFDCA9DCA95FF80D0249003CAA8CDA9FFFB88A89694D02456031C
:205D8000020B9007761F0292CAA688A996949A00D024931CCB12CB26CB30530061029A0114
:205D9000560303A9CDA6FFF7CAA8761F00129694D024CDF50040CCA9FF8FFFD1CBA992A8CB
:205DA0009794CDA9FF7FD02492109040FF80CAA8CDA9FEFF9694D02492169008FF84CAA8A7
:205DB000CDA9FDFF9694D02492169010FF84CAA8CDA9FBFF9694D02492169001FF89CAA845
:205DC000CDA9C7FF9694D02492169004FF88CAA888A99694D02493109210FFD0FFC1CB1036
:205DD000CAA89001FF8DCDA6BFFFCAA8CDA97FFF9694D02492109008FF8BCAA896948BBEC6
:205DE0000006B2BDAABDFE027648F8067648F9767648F2AE76483FC87648C9E43B10FF699D
:205DF0007648F1FC76260000762F00007648F8287622761F00357680C3D38F48E3668F0824
:205E0000F7F5C200A030761F0034A81A761A7648DD68E8021640E80212418F00C4987648C0
:205E1000EED9E8022CE18F00C4A0E8021640E80A00017648EED97648CFA5764838B1764872
:205E2000F719764885347648F84A7648F7057648F9767648F9B47648EC8E8F00BC40764808
:205E3000F72C761F00301804FFEF761F0030180CFFEF7648F8067648F9767648F4DA8D8007
:205E4000A95F7648DBA9761F02E441286C691828FFFD7648D1C2761F02E292005202684AA1
:205E5000761F001242106D3741106D35761F031C8F00BD80E2AF00007648FFD4761F031C4C
:205E60008F00BDC0E2AF00127648FFD4761F031C8F00BE00E2AF00247648FFD4761F031CE7
:205E70008F00BE40E2AF00367648FFD4761F001240106D1143106D0F92109310FFC0FFD115
:205E8000CA108F00B983CBA99210FFC2CAA890017648F6B1761F02E292005203600B8F00C4
:205E9000BA407648F5227648FEB7764845E27648BD787648C1207648ED6E8D40A500AA42C2
:205EA0008F00A87483A17648ABD58AA283A176487A3D764890B07648E7F97648F976761FB2
:205EB00002E442286C621828FFFB764836307648C2AF761F02E2920052026857761F001262
:205EC00042106D5341106D51761F02A9CC1E0001CD1E00028F00BD80761F031CFFD0E2AFA9
:205ED00000007648A9CA761F02ACCC1E0001CD1E00028F00BDC0761F031CFFD0E2AF001234
:205EE0007648A9CA761F02AFCC1E0001CD1E00028F00BE00761F031CFFD0E2AF0024764810
:205EF000A9CA761F02B2CC1E0001CD1E00028F00BE40761F031CFFD0E2AF00367648A9CAF6
:205F00008D40BE808AA1764886148AA17648D88D761F001240106D0743106D058F00C748D7
:205F10007648FA1E764861E8761F02E444286C071828FFEF7648FFE07648CD2A761F02E43F
:205F200047286C0B1828FF7F7648F9FC7648EFA98F00BE807648A615761F02E448286C090E
:205F30001828FEFF7648FFE38F00A8747648EFCB761F02E44928FFECFF061828FDFFFFEF4B
:205F4000FF02FE040200761F001242101E44FFED00A78F00B95476485B12761F031C8F4004
:205F5000BA0C8F00B88EE2AF00007648E4DF8F00B89A8F40BA16E2AF00127648E4DF8F0051
:205F6000B8A68F40BA20E2AF00247648E4DF8F00B8B28F40BA2AE2AF00367648E4DF5CADE7
:205F70009A049B01DC845CA47648F8FF761F02E792441812FFF0900F9812761F02F69229C4
:205F8000900F6110761F02F79229900F610B761F02F89229900F6106761F02F99229900F63
:205F90006006761F02E71812FF0F6F07761F02E71812FF0F1A12002006442901761F0283CF
:205FA000FF43900196048F0004900644D008FF44900196100644761F0282FF459001962CBB
:205FB0000644FF46900193439638761F02F6CC040006761F0012FFC09716CDFCFFFCCAA861
:205FC0009617761F02F7CC040006FFC0761F0012CD94FFFCCAA8D0099618761F02F8CC0496
:205FD0000006FFC0761F0012CD94FFFCCAA8D00A9619761F02F9CC040006FFC0761F001222
:205FE000CD94FFFCCAA8961A761F02E592359001761F0012FF851810FFBF9810761F02A55A
:205FF000411B6C19761F02E20A02E2C40002761F00121A100400E8120D00AD14640C761FE1
:2060000002E22B02761F02EF56BF0202761F02A5181BFFFD761F02E645006C15761F02E2A9
:206010000A02E2C40002761F00121A100400E8120D00AD146408761F02E22B02761F02EF87
:2060200056BF0202761F02E642006D1741006D0C40006C25761F00121810FF7F761F02E6AF
:206030001800FFFE6F1C761F00121A100080761F02E61800FFFD6F13761F02E20A02E2C421
:206040000002761F00121A100400E8120D00AD146406761F02E22B027648FF9E761F02E6B9
:2060500043006D2944006D1346006D0A47006C367648FEFF761F02E61800FF7F6F2F7648C3
:20606000FF08761F02E61800FFBF6F28761F001249106D069A049B007648F0E56F07181052
:20607000FDFF761F02A51A1B0010761F02E61800FFEF6F14761F001249106D081A100200EC
:20608000761F02A51A1B00106F059A039B007648F0E5761F02E61800FFF748006C0C0A01EA
:20609000E2C400017700E81227D0AD1464041800FEFF2B01FE840006B2BDAABDA2BDFE04B8
:2060A000C4A486A42901DC030EDC1ED5560308D4560100D525CC560100D528AC00180EC42C
:2060B000563B560100D5DE078AA50EDE1EE5560308D6560100E425CE560100E40EC6563B0B
:2060C000560100E48D400117D00BA8ABCC9CFFFD88A95603019290038D000117CAA641A95F
:2060D00096946D2DD01C93925301FFE0010E93C4531561165330610F5340FFE0010693D292
:2060E0005340FFE001025004D00E969C56BF0194FFEF00FB92D252306107FFEF00F692D29E
:2060F0005215FFE000F2A8A9FF10011783A9D00E1AC5000456BF0194FFEF00E792D25215A9
:20610000610C5230610AD01D92926107C5A2D00EDF1D92C796946F04D00E56BF0194D00E0F
:20611000889480A6DF8192A7FFC39644560304A993A6EBA95BA9560304A70EA9BDA90F12DF
:2061200077007700560304A60EA9E68B0000BDA90F1EE84FC0007700E68E00017700E68BE8
:206130000018BFA90F16E84FC0009643E8121C00AD14FFE200A0A9AC83A27648D6A2ABA780
:2061400092D28D000117ABAB96C7929793A9FFD4CBA943A86C0DA9A4CCA9FF778D40010F5E
:206150009694CCA9F6FF2B9C96947648F6F092A3A9A59CFF5844D4002DA99A01FF66DD07BE
:20616000989588A4560301A4DC0159A983A280A49243D00172A6BDA70F12A9A9DD0C0DA66F
:20617000090FE68B00001EA65603089D93A173A0E812080096C6939591FF95A997C6AD140B
:2061800064E1D01C92925201605F92430EA9BDA90F127700770077007700E68B00007700C1
:20619000E89040007700E68E000077007700BFA40F121BA40100670AA9A90DA483A9DC019D
:2061A000D00F1BA401002B9568F8924388A993C29DF30EA8BDA60F12BDA90F167700770082
:2061B00077007700E68B0009E68B0000E84FC0097700E7100040A9A4E68E000093A3E2135C
:2061C00000F492447648E16BA9A48D000117929447A96D04502096946F17A9A17648E6451F
:2061D0008D000117939192A8FFC39020CAA896916F0B8D00011792941AA9022018A9FBFFBC
:2061E00096947648F6F0FE8482BE86BE8BBE0006E20304BDE20305BDE20306BDE20307BDDE
:2061F000FE028F00B9D49A009B047648F8FF761F02E7E2AF001A761F02E5E84FA000E2AF78
:206200000114761F02E7E203001A8F00B8D88F40B680E2AF0014E6970008E2030014E2AF14
:206210000214E2AF030EE2AF060EE304DD0EE3018114E3034C0E761F02E2E84FA01BE84FE4
:20622000A009E305150EE84FA000761F02E5E84FA017E2030142E2AF0622E697001D761F59
:2062300002E2E84FA036E2AF041AE2AF0326761F02E7E6970004E2AF0108761F02E2E2AF51
:206240000042E2AF0232E6970031E6970003761F02E8E203050CE697003AE2030416E203F9
:206250000320761F02E7E203010A761F02E8E203022A761F0012921B761F02E7E2AF000AA0
:20626000764892E2761F02E3E2AF0118761F02E78F00B8E68F40B700E2AF000A761F02E87D
:20627000E6970008E2030012761F0012921D761F02E7E2AF000A764892E2761F02E3E2AFE6
:206280000126761F02E78F00B9008F40B780E2AF000A761F02E8E6970008E203001C761FD6
:206290000012921F761F02E7E2AF000A764892E2761F02E4E2AF0100761F02E78F00B90EFF
:2062A0008F40B800E2AF000A761F02E8E6970008E2030026761F00129221761F02E7E2AF44
:2062B000000A764892E2761F02E5E2AF032A761F02E7E2AF0006761F02E3E2AF022EE2AF77
:2062C0000120E6970018761F02E7E6960011E2AF020AE203000C761F02E4E2AF000EE2AFC4
:2062D0000308761F02E7E6970002C40C060C761F02E8E6CF0008E2030230C210761F02E721
:2062E000E6960018C50C761F02E2E2030108761F02E81E1A761F02E4E2AF0116761F02E67B
:2062F0009214761F02E2E2030008761F02E8E69600085201C324761F02E2E2030008761F4A
:2063000002E8C22E6114761F02F6A31C761F02F7C51C761F02F8C41C761F02F9061C761FBD
:2063100002E8A90EC318C2221E2C6F0F761F02E6E2AF0016761F02E8E203000EE2030018B2
:20632000E2030022E203002CFE82E2AF07BEE2AF06BEE2AF05BEE2AF04BE0006B2BDAABD97
:20633000A2BDFE0282A486A544C3FFEC010AD016E801FC08E2AF0193E80A3D70E7000040E2
:20634000E2AF02C2E6940002AD146215E801FBE8E80B8520E70000407700E6940002AD14F5
:20635000640A8AA2DC08CCC4FFEF44A996C46D35FFEF00E7E2AF00D2E2AF01C2E801E11BD7
:20636000D00A761F02C8E7200008E80EB853E203009206C2D00A1ED2E2AF020AE304C192F4
:20637000E6950009E6940001AD1463110201560100F206D30FF2660D8AA20200D0161EF21C
:20638000DC081AC4001006C21E936F0302001EF2D0084492FFEC00B5D016761F02C8E801B2
:20639000E5188AA3E2AF0393E2AF010AE80EB850D016E7000040DC04D116E7200018E80126
:2063A000E7ABE20300E4E80E147BE2AF0193D016E6970008E20300E4E2AF020AE700009987
:2063B000E801E51BE2AF0293D016E7200052E80EB853E6960010E20300E4E2AF000AE2AFFD
:2063C0000193D008E700001AE801E7ABE7100050E80E147BE2030094D016E2AF020AE30426
:2063D000D39BD108E71000D1E801ED1BE6970008E80EB853E203009CD108E2AF0293D016C1
:2063E000E6960010E203009CE801E518E2AF020AE80EB850E7000099D116E2AF0393E7207A
:2063F0000059D016E20301C4E2AF010AE30213C4E801F1C1E720009AE80A8F61E69700139E
:20640000E20303C4E2AF000AE3004393D016E720001AE801ED1BE80EB853E2AF00C4E696B2
:206410000010E20300C4E2AF010AE700005AE801F1C3E80A8F63E2AF0193E7100050D00C0D
:20642000E2030094D00CE2AF020AE700009AE2AF039BE71000D1E801E51BE80EB853E6978B
:206430000008E2030094E2AF020AE70000997700E7100009D00CE6960008E20300948AA331
:20644000E2AF00C29A04DC047648F4A8D008900FCD92FFF0D008CAA8CDA9000F9692530200
:20645000611792C343A96D18D00C93CB559266065008D00C96C32B926F048AA2DC0C0AC4C2
:20646000D008CC92FFF0D008500296926F05D00C18C3FFF72B92FE8282BE86BE8BBE000674
:20647000B2BDAABDA2BDCCC4000F5203824A620C5203FFE100CE5200617E5201616252020B
:206480006144FFEF00DE52046125520561065206FFE100A5FFEF00D50200D01AC5A41EAC32
:20649000C4A4D200D11E3100AB940201D01CDF20DE22AA94D024A99C560100C7560100C6B3
:2064A00006946104D02419011E94D0262B94FFEF00B8D200D01AC4A43100B6000201D122C1
:2064B000AA94D01CDE20A994D01EC394560100C6069C6104D02219011E94D1240200D02653
:2064C0001E9C2B94FFEF009DC5A4C4A40201D01EDF1ADE1C560100C7560100C606946104C9
:2064D000D01E19011E94B600D020BE000200D126C394D022C294D0241E942B9CFFEF00811A
:2064E000C4A40201D01CDE1A560100C606946104D01C19011E943100D01EB600BE000200E4
:2064F000D126A994D020C394D022C294D0241E942B9C6F66C4A4D127D026DE260AC6929C2F
:2065000054946614D0269694BE003100B600D020D200D11E0200C294D022A994D024C394D1
:20651000D01AC294D01CAA941E9CD01A06946104D01A19011E94BE00D01C0200D120C294B5
:20652000D01E1E94069C6104D02019011E94D122D0240200C29C1E946F330200BE00D01AB3
:2065300086A41EACC5A4D11E3100C2940201D01CC4A4DA20AB94DF22D026A99CDE24560153
:2065400000C2560100C7560100C62B946F198EA4C5A40201C4A4D200D81ADF1C560100C01B
:20655000DE1E3100D126D020560100C7B600560100C6AA94D022A994D024C3942B9CC4A43F
:20656000D01ADE0206F60F94680BD00ED11C06960F9C6806D016D11E06960F9C671392C5D2
:206570003100D01A5003B600D11EBE0018A9FFFA96C5A994D01CC394C29C06F41EC3E20387
:2065800000D3C4A4D020DE0206D60F94680BD00AD12206960F9C6806D012D12406960F9C5E
:20659000671392C53100D0205001B600D124BE0018A9FFF996C5A994D022C394C29C06D46D
:2065A0001EC3E20300D388C5CCA60001CDA60002CBA9600492A6500496C582BE86BE8BBE81
:2065B0000006B2BDA2BDFE0482A48D000117DC0FD100C44CA84492C4FFC78A4E4B93FFEDB4
:2065C0000109521E96C4621D521EFFE100C25203620D5203FFE100D65200FFE100ED520115
:2065D000FFE100DC520261366F495204FFE100BF93A99DF5530269175214FFE100B36F3E0E
:2065E0005228620C52286168521FFFE100945220FFE10083522161726F315232614E52FF4C
:2065F000613B6F2C83A6A8428AA3DD3276487EEA521488A9FFE100EBA2A9FF12004D8AA9A1
:20660000560308A696C4C544D10292C796CCFFEF00CF020A761F02E40F1C66031AC50004C7
:20661000C5A3A2A9FF12004D8AA9DF0F2B9CD90192C7969CD901FFEF00BBC5A3A2A9FF12C5
:20662000004D8AA9DF0F289C0400D90192C7969CD901FFEF00ADDD148AA37648D2A3C5A391
:20663000A2A9FF12004D8AA9DF0F2B9CD90192C7969CD901FFEF009CA2A9C5A3FF12004DDF
:206640008AA956BF01D5DF0F2B9CD90192C7969CD901FFEF008DC5A356BF01DDDF0F88CF0D
:206650007EE588D7A2A9FF12004D8AA97EED2B9CD90192C7969CD9016F7AA2A9C5A3FF126E
:20666000004D8AA91AC50100DF0F2B9CD90192C7969CD9016F6CA2A9C5A3FF12004D8AA9A7
:206670001AC50080DF0F2B9CD90192C7969CD9016F5EA2A9C5A3FF12004D8AA91AC5004087
:20668000DF0F2B9CD90192C7969CD9016F50A2A9FF10011782A91AC500201AC300016F5608
:20669000DD068AA37648CF096F51CCC5FFF7501096C5A2A9FF10011782A91AC300016F4612
:2066A00092C5500818A9FFEF96C5A2A9FF10011782A91AC300016F3AA2A9C5A3FF12004DEC
:2066B0008AA91AC50002DF0F2B9CD90192C7969CD9016F1DA2A9C5A3FF12004D8AA91AC513
:2066C0000001DF0F2B9CD90192C7969CD9016F0FA2A9FF1100891EA7A2A9FF12004D8AA9C2
:2066D00092C7969CD90192CF969CD901A2A98D00013A761F02E9FF12004D1E938D00013C6C
:2066E000799356BF010156BF0102FE8482BE8BBE0006B2BDE20304BDE20305BDFE02761FFD
:2066F00002A6E2AF0004761F02E1E2AF0126E6940008AD146407E2AF0128E6940008AD1472
:206700006511E2AF0028E811F800AD146535761F02A6E8AFC000E2AF0104E6940001AD1498
:20671000622B761F02E1E2AF002C761F0315E2AF0104E312050C761F02E1E203002CE2AF44
:206720000030761F0315E31A0414761F02E1E2030030E2AF0034761F0315E318031C761FB9
:2067300002E1E2030034E2AF0038E71000C07700E20300380A3B761F02A6E2AF0004761F8D
:2067400002E1E2AF0120E6940008AD146407E2AF0122E6940008AD146510E2AF0020E5A054
:20675000AD146335761F02A6E88FC000E2AF0104E6940001AD14642B761F02E1E2AF002AC8
:20676000761F0315E2AF0104E312050C761F02E1E203002AE2AF002E761F0315E31A0414C8
:20677000761F02E1E203002EE2AF0032761F0315E318031C761F02E1E2030032E2AF00369E
:20678000E71000C07700E20300360A3A761F02A692105201FFE0008B8F00AA00761F02E11F
:206790008D40B85CA842E2AF002AE2AF012C83A18F00BD807648F3F78F00AAC083A1A84206
:2067A000E2AF002EE2AF01308F00BDC07648F3F78F00AB8083A1A842E2AF0032E2AF013453
:2067B0008F00BE007648F3F78F00AC4083A1A842E2AF0036E2AF01388F00BE407648F3F785
:2067C000E592E595E594E593E590E591E203002AE203012C761F02E7E2AF001E761F02E126
:2067D000E6AF0000E203022EE2030130E801EEA1E80FEFA1E2030232E84FC002E00045347F
:2067E000E801ECCDE88F8011E2030436E80CCCD5E801ECCCE2030338E80CCCD42B3A2B3B1B
:2067F000E012001CE801ECCBE88FA002E203001EE02A9224E80CCCD3E2030226E2AF0224A8
:20680000E7100112E801ECCDE2030228E2AF021EE72000D1E80CCCD5E2030120E2AF011EE9
:20681000E71000687700E2030022FE82E2AF05BEE2AF04BE8BBE0006E20304BDE20305BDC8
:20682000E20306BDE20307BDFE06761F02A7E802064AE801FDA1E2AF0308E8087EDAE80F29
:20683000EFA1E70000D3E801C28AE70000C9E80DB8C2E7000051E2030326E2030128E8016D
:20684000C28AE801C289E2AF0326E70000DBE80DB8C1E70000C9E80DB8C2E7000051770000
:20685000E203012AE2AF0328E71000C97700E89020097700E801FC02E27400517700770091
:206860007700E801F9A2E70000CBE80FEFA2E203032CE2AF032AE70000D27700E700008A70
:206870007700E203022EE2AF022AE71000927700E8D040127700E700008A7700E20302303F
:20688000E2AF0328E2AF022AE720009A7700E8B020128F00A9D0E70000898F40A9D6E203F2
:206890000132E20300C4E2AF0530E2AF0632E2AF03E4E32614D5E30B292CE3028FE5E70090
:2068A00001BAE71001497700E71000527680A9DCE20302C5E2AF01D4E7100049E2AF062E8A
:2068B000E3107930E2030146E31EDF46E2AF0132E30CDDD6E00F7944E2AF0644E31ED9E62D
:2068C000E70001897700E71000C97700E20301C6E2AF0306E278001B770077007700E20394
:2068D000030CE2AF0306E279001E7700E6CF0013E6AF001BE203060EE2AF070EE307FE0C04
:2068E000E700018EE6CF000BE72001BEE6AF001BE2030622E2AF060EE3079F0CE70001D6E7
:2068F0007700E710019B7700E203032406D41EE4E20300D4E5908F00A994E20304E5E20372
:2069000002D5E20305E6E20301D6E2AF01227648E475761F02E7E801C289E2AF0210E80DFF
:20691000B8C1E7100080761F02A7E0004808E2AF0006E71000407700E2030006E2AF000048
:20692000E2AF0108E71000400A34E2030000E2AF0006E811FC00AD146413E8AFE001E2C481
:206930000034E2030106E2AF0100E274000877007700E5972B34E2030002E2030700FE8617
:20694000E2AF07BEE2AF06BEE2AF05BEE2AF04BE0006B2BDAABD86A4D0AC9392CCA8000FBB
:206950005203616C520461388D00022C40956D27D080CDA8FFF09292900FCAA888A9D02CDC
:20696000CD920780FFD6CCA6000F567200A8900FCDA6FFF0CAA888A9CDC2001ED0ACFFD0CF
:20697000CCA6000F567200A8900FCDA6FFF0CAA8CDA9000F9692530363146F1ED0AC9292FC
:20698000BE03CDA9000FD0AC567300A6CCA9FFF0910FCBA99792D0AC9292900F5203640C21
:20699000AAA909AA8AA9A0A9FF11011783A918C4FFEF18C5FFFC761F02CC9200610B520FAD
:2069A0006109761F02C1181AFFF01A1A0003FFEF00CCD0AC761F02C19292CD1AFFF0BE0374
:2069B000900FCAA8CDA9000F567500A6CCA9FFF0910FCBA9971AFFEF00B8D0AA44926D4FE5
:2069C0008D00020C92958D0002068D400207CA95D0ADFFC0CD92FFFE9001D0ADCAA888A9E2
:2069D0009692D0AD5603019D90038D40020CCDA6FFFDCAA896928D000206939DCCA9FFFB60
:2069E000CB958D400223FF91D0AD9107CBA99792CDA8FFF7D0AD929D9002FF81CAA893A92C
:2069F000CDA8FFEF9692D0AD929D9001FF838D400222CAA893A9CDA8FFDF9692D0AD929D77
:206A000090208D40022CCAA89692D0ADCCA9FF3F939D9101FF95CBA997926F5DA0A9FF11E9
:206A100001038BA9A0A9FF10020718C1FFFC8AA9A0A9FF1200838EA918C4FFFEA0A9FF1081
:206A2000022318C0FFFC1EA7A0A9FF1101111EA618C7FFFCA0A9FF12008918C6FFDF8AA9BE
:206A30007648FF5AAAA9FF1100878BA983A9AAA9FF11008D8AA97648F7AFAAA9FF12004FAB
:206A400083A18AA97648F7AFAAA9FF1100AF83A98BA9AAA9FF1100B58AA97648F7AFAAA907
:206A5000FF12006383A18AA97648F7AFE591D09CAAA9E590E203019209AAD09E83A9AAA935
:206A6000E203009209AC8AA9D1AD18C5FFBF2B9A18C4FFF0D0AC761F02C19292CD1AFFF040
:206A7000900FCAA8961A86BE8BBE0006FE02D01292945203620B5203617A5201FFE100F491
:206A80005202FFE100B1FFEF010C5204612D5205FFE00107761F02D8D038E2AF0122E2AF38
:206A90000094E6940008AD14FFE300DAD02CE2AF0124E2AF0294E694000AAD14FFE300D083
:206AA000E2AF0120E6940008AD14FFE400EAD022E2AF0026E2AF0194E6940001AD14FFE525
:206AB00000BFFFEF00DE761F02D8D038E2AF012AE2AF0094E6940008AD14FFE300B1D02C11
:206AC000E2AF012CE2AF0294E694000AAD14FFE300A7E2AF0128E6940008AD14640BD022A5
:206AD000E2AF002EE2AF0194E6940001AD14FFE50097D038E2AF0118E2AF0094E6940008B1
:206AE000AD14FFE500ABE2AF011AE6940008AD14FFE200A7D022E2AF001EE2AF0194E6948E
:206AF0000001AD14FFE3009AFFEF009B761F02D8D038E2AF0132E2AF0094E6940008AD141C
:206B0000636ED02CE2AF0134E2AF0294E694000AAD146365E2AF0130E6940008AD14640A3B
:206B1000D022E2AF0036E2AF0194E6940001AD146556D038E2AF0110E2AF0094E69400083E
:206B2000AD14656BE2AF0112E6940008AD146268D022E2AF0016E2AF0194E6940001AD1418
:206B3000635C6F5E761F02D8D038E2AF013AE2AF0094E6940008AD146332D02CE2AF013CAF
:206B4000E2AF0294E694000AAD146329E2AF0138E6940008AD14640AD022E2AF003EE2AF70
:206B50000194E6940001AD14651AD038E2AF0108E2AF0094E6940008AD14652FE2AF010A9B
:206B6000E6940008AD14622CD022E2AF000EE2AF0194E6940001AD1463206F2283A4DD1227
:206B70000BC56F1E761F02D8D038E2AF0100E2AF0094E6940008AD146510E2AF0102E694B4
:206B80000008AD14620DD022E2AF0006E2AF0194E6940001AD14640483A4DD120AC5D012A3
:206B9000290192948F40B6429CFF560301A9560100A5D01406C5FE821E940006E20304BDA7
:206BA000E20305BDE20306BDE20307BDFE0AE802064BE6CF0004E8087EDBE6950024E20314
:206BB000024AE008E948E694000AAD146305E801FC00FFEF0101E5A0AD146477E801EC06E2
:206BC000E802024BE2710029E801E804E2710028E80D6FEEE8087EDBE2790009E80D6FEC63
:206BD000E7100176E720015FE2780000E2710033E2710032E029E144E278001BE801E807F0
:206BE000E2710036E80D6FEFE01BCB46E2790036E3124B44E2790015E84FC007E2710009CE
:206BF000E84FC036E308DA46E2780009E84FC012E71000FFE801F513E80FCC1BE71000BF66
:206C0000E84FC009E70001DBE84FC02AE3082F44E84FC03FE7100152E3080544E84FC02D5A
:206C1000E7100036E02EB944E32B9048E306014AE801F516E801F515E2740040E80FCC1EB4
:206C2000E80FCC1DE31E9144E7100109E7000082E7000071E70000AAE7000000E7200089D4
:206C30007700E71000406F7EE801F208E2710029E802024BE271002EE801EE0CE80827D8C0
:206C4000E2780009E8087EDBE2790036E7100140E80827DCE02AF944E2710002E029E646FB
:206C5000E2710003E801EE0FE2780019E2710000E80827DFE31BF344E2790000E84FC0099C
:206C6000E2790015E84FC01FE31DB246E7000113E84FC02AE71000FFE801F513E31E4D4401
:206C7000E80FCC1BE700012DE2710037E302DE46E31A9146E278003FE84FC009E84FC035E5
:206C8000E84FC006E2AF0044E7000100E7200052E7100036E84FC03FE32BA848E306014A4C
:206C9000E801F516E2030544E2740040E801F515E80FCC1EE2AF0144E80FCC1DE710008922
:206CA000E710013AE7000041E70000AAE7000071E7000000E71000897700E7100040770005
:206CB0007700E27700007700770077007700E27400187700FE8AE2AF07BEE2AF06BEE2AF6F
:206CC00005BEE2AF04BE0006B2BDAABDFE02C4A5520186A4834AFFE100E7D08A40926D09A6
:206CD000E2AF00E5E84FD000D06CE20300926F0AD06AAAA9C592098A8AA9D16CC39A18C4DB
:206CE000FFFEE2AF00D6E2AF01C58AA27648E475D16ED06EE203009AE2AF0092D182D06CE8
:206CF000E2AF0192E7100040D070E2030092D070E2AF0092D070E8200000E2030092E2AFBF
:206D000000C6E2AF019AE6940008AD146525D00EDC2CE2AF01957648E475D170D074E20326
:206D10000092D078069AD10E1E92E2AF00C6E8B04800E2AF019DE6940001AD14642DD074E3
:206D2000E2AF0192D178D078E2AF0092E6970008E203009A6F21C5C6D074D174C392D0347A
:206D3000069A1E92E2AF00D6E88FC000E2AF01C5E6940001AD146405D074E2AF00926F097A
:206D4000D074D170E2AF0192E2AF009AE6970008D078E20300928AA2D010E2AF00E6E2AF07
:206D50000195DC167648E475D172E203009A8AA2D00CE2AF00F6E2AF0195DC427648E475D7
:206D6000D176D010E203009AE2AF00E6E8AFA000E2AF0195E6940001AD14640CD072E2AF19
:206D70000192D178D078E2AF0092E6970008E203009AE801E918E2AF01F6D00CE80EB8506C
:206D8000E7200008E2AF0395E6940003AD14640CD076E2AF0192D178D078E2AF0092E69772
:206D90000008E203009AD078C492D134D078C29AC492D178D01EC292C49AD04AD170C29227
:206DA000D078E2AF019AE2AF0092E6940008AD146325D06CE2AF0192E7200040D008E2030D
:206DB00000926F1CC4C6D078D178C292D078E2AF0092E84FC000D034E2030092C49AD01E0E
:206DC000D178C292D04A069AD10E1E92E2AF009DE84FA000D008E20300928AA276487C1FF4
:206DD000D184D086E2AF0192D078E2AF0092D078E6970008E2030092D078E2AF019AE2AF20
:206DE0000092D078E6960008FE82E203009286BE8BBE00062BACC544FF5A9A0636A907A448
:206DF00009621EA692C6617CFFCC900161058F40A8C08EA56F0302008EA93AA90DD607A7D4
:206E00008EA964108F415180A0A90FA0620E3AA9FF0702A38EA92901FF20A8C00FA0620A2D
:206E10006F12FF1702A38EA92901FF20A8C00FA0650A9A0636A907A4096283A918C5DFFFA4
:206E200078D56F0C9A0688A036A907A4096283A908A657401AC520007ED59A0636A907A4E0
:206E300009621EA693C692A8FFCD5201603992A8FFCB900161058F40A8C08EA56F030200EF
:206E40008EA93AA90DDE07A78EA9640F8F415180A0A90FA0620D3AA9FF0702A38EA9FF20E9
:206E5000A8C00FA062096F11FF1702A38EA9FF20A8C00FA0650A9A0636A907A4096283A9C8
:206E600018C5EFFF78DD6F0C9A0688A036A907A4096283A908A657401AC510007EDD9A0560
:206E700036A907A483A9D0C4929561409A0536A907A409C41EA6CCC62000FFCC61058F4084
:206E8000A8C08EA56F0302008EA93AA90DD607A78EA964108F415180A0A90FA0620E3AA9A1
:206E9000FF0702A38EA92901FF20A8C00FA0620A6F12FF1702A38EA92901FF20A8C00FA061
:206EA000650A9A0536A907A409C483A918C5DFFF78D56F0C9A0588A036A907A409C483A974
:206EB00008A657401AC520007ED592AC9C0152102DA9FFE8FF34CCE42000FFCC61058F402E
:206EC000A8C08EA56F0302008EA93AA90DF407A78EA964108F415180A0A90FA0620E3AA943
:206ED000FF0702A38EA92901FF20A8C00FA0620A6F0DFF1702A38EA92901FF20A8C00FA026
:206EE000650518E4CFFF78F46F0608A057401AE4300078F492D4601D2BAC9A01761F029C1C
:206EF000FF6688A9CE1D610E9A0636A907A4090E83A9A9A9560100C592A6CE1C610392A6F9
:206F0000981E92AC9C01520E2DA968E856BF01D40006B2BDAABDA2BDFE0486A5064E2B4247
:206F10002B418B501E449A052D4136A907A2090682A988C32901FF20FFFF0FA661268AA3EE
:206F20009A047648F3A988A90EE30FA6601E9A062D4136A907A1090C8AA929012BC492C4B8
:206F3000944108A9012D96C40AC192C19C0196CC25C31ED40ECB560100D493D397E488DBF4
:206F40009A01FF6672427EEC0A419241520E68CCA344A9A9C4A2D184D084FF1101291EAC15
:206F50008AA99242DE06969A83A6CC9200017648F48FD084A9A9FF1200B1FF5A8AA9DD0567
:206F6000CC920002FFC07648F48FD08483A6CC920004FFC1ABA4DD0A7648F687D08483A624
:206F7000CC920008FFC2A9A4DD0F7648F687D08483A6CC920010FFC3ABA4DD147648F67253
:206F8000D08483A6CC920020FFC4A9A4DD197648F672D084CC920040D1368A44C5A6FFC5D4
:206F9000D084969CD139DF20CC920040FFC5D084969CD146CC920040FFC5969C92C7C5A6FB
:206FA000D03DD13E9694DF21D08492C7C5A683A6969CD11EDF25CC920080FFC6D084969CFC
:206FB000D121CC920080FFC6D084969CD12ECC920080FFC6969C92C7C5A6D025DD28DF260F
:206FC0009694D02692C79694D084A344A9A9FF11019B8AA9CC920100FFC77648F48F83A613
:206FD000D084CC920200FFC8DD2D7648F68783A6D084CC920400FFC9DD327648F67283A6DC
:206FE000D084A9A9FF130075DD378AA9CC920800FFCA7648F48F83A6D084CC921000FFCBF8
:206FF000DD3C7648F68783A6D084CC922000FFCCDD417648F672FE8482BE86BE8BBE0006CE
:20700000B2BDFE02D010D1119394559CFFE6010B83A4D0112B94D012DD1693C5510497C591
:20701000E2C401947700E2AF02C4E2740051770077007700D013E20301E4E2C401947700EC
:20702000E2AF02D4E274005177007700CDA8FFFBD016E20301F49794E2AF03E4E2AF02F4FB
:20703000E71000D17700E8120D01AD14630DE801EA61E720009AE80E6669E7000089D008E6
:20704000E20301946F13E2AF01F4E2AF02E4E710008BE720005177007700E27400C97700D9
:2070500077007700D008E2030194761F02E1D008E2AF0210D10AE2AF0194E7000051D00ADA
:20706000E203019CE2AF0194E5A1AD146306D00AE6AF0009E2030194D00AE2AF0212D10A6C
:20707000E2AF0194761F02E6E6970011E203019C48006D46D00CE8B01002E2AF0194E6942C
:207080000011AD14652AE89010007700E6940001AD146510D008E2AF0094E5A0AD14633405
:20709000D00AE2AF0094E7200008D00CE20300946F2BD008E2AF0094E5A0AD14621483A403
:2070A000D00AE2AF0094DD0CE2AF01C5E72000087700E20300C56F18D008E2AF0094E5A058
:2070B000AD14651283A4D00AE2AF0194DD0CE2AF00C5E71000407700E20300C56F05D00E78
:2070C000C494D10CC29CD00C761F02E1E2AF0094E2AF0118D116D00CE6960008E20300943A
:2070D000409C6D1FD00AE2AF0014E2AF0194E6940001AD14621383A4D014DD140AC59394F0
:2070E0005305683083A4D014D10C2B94DD161AC50001C49CD00EC2946F25D0142B946F22CA
:2070F000D00CC494D10ED00AC29CE2AF0016E2AF0194E6940001AD146308D0149394611243
:20710000D0149DFF97946F0E83A4D015DD150AC593945303680783A4D0152B94DD1618C5F3
:20711000FFFE52006003DC110AC4FE828BBE0006B2BDFE02D0B0E801F0C80695E80CCCD068
:207120001ED406D41EC4E2AF01C4E7000040D0C0E20300F4C595D00CC394D0C4C595D1C2AD
:20713000C4A4D00AC394C59DD008DE21D120C394D01E18C6FFFE2B94D01F2B94289C01909A
:2071400092E55201617E520261595203613852046122E8021641D012E593E8021780E203B0
:207150000194D118E592D010E2030394E801FC01D01AE805D81BE2030094E808937BD0AE29
:20716000E203029CD1AC06D41EE4E203019DE20303956F7AD0C6C495D112D0C8C29CC49529
:20717000D1CAD010C294C49DD01AD1CCC294D018069DD1CE1E94069D1EE46F66D0C6C495AB
:20718000D112D0C8C29CC495D1CAE805D818D010C294D01AC49DE8089378E801FC01D1CC46
:20719000C294D018069DD1AC1E94D0AE06D41EE4E203019DE20300956F47D0C60695D112AE
:2071A000E805D81BD0C8E8021780E5911E9CE801FC020695D1CEE808937BD0101E94D01A0B
:2071B000E2030094D018E2030194D0AE06D41E9DD1AC06D41EE4E203029DE20303956F24E4
:2071C000E8021641D012E593E8021780E2030194E592D010D1CEE2030394D01AE801FC01D7
:2071D000E805D81BE2030094D018E808937BE203029406D4D0AE1E9DD1AC06D41EE4E20394
:2071E000019DE2030395D012D10CE2AF0094E2AF019CE6940001AD146206D010E590E20384
:2071F00000946F1ED012D10CE2AF0094E2AF019CE72000087700E801FC02E2740011D01098
:20720000E2AF0394D110D010E697000BE2030394D010E2AF009CE8200000E2030094D0BE65
:20721000C495D1A4D00EC294D0B0E2AF009DE2AF0195E27400087700761F029FD014D116B1
:20722000E2030094D016061C1E9CE2AF0094D01CE84FD800FE82E20300948BBE0006B2BD3C
:20723000AABDA2BD82A58BA4864A92DB7648FFA483A196E388E30EF50FA661049A07FFEFD0
:2072400000FE92DB520161049A06FFEF00F88AA5D01ADC0FE2C400CCE2AF0193E7000008FB
:207250007700E88FC0007700E68E0000D01CE21300F3E2C400D4E2AF0193E70000087700AC
:20726000E88FC000A0A9E68E0000D01EE21300FBE2C400DCE2AF0193E7000008D108E88F56
:20727000C000FF100117E68E0000D020E213009BE2C400E4E2AF0193E7000008E801D41BAD
:20728000E88FC000D109E68E0000D022E213009BE2C400ECE2AF0193E7000008E801D41A6A
:20729000E88FC000D10AE68E0000D024E213009BE2C400F4E2AF0193E700000883A9E88F83
:2072A000C000D10BE68E0000D026E213009BE2C400FCE2AF0193E7000008E808937BE88F0D
:2072B000C000D108E68E0000D00CE2130093D028E2C4009CE2AF0193E7000008E808937A02
:2072C000E88FC000D00DE68E0000D109E2130093D02AE2C4009CE2AF0193E70000089A00DA
:2072D000E88FC000D10EE68E0001D01AE213019BE2C401F3D11CE7000059E801D41BE80809
:2072E000937BE2030193E2C401FBD008E7000050E801D41AE808937AE203009BD109E2C482
:2072F0000193D01EE7000059E801D41BE808937BE2030193D020E2C4019BD10AE700005029
:20730000E801D41AE808937AE2030093D00BE2C4019BD122E7000059E801D41BE808937BFB
:20731000E203019BE2C40193D10CE7000050D024E2030093D00DE2C4019BD126E7000058CD
:20732000E801D41BE808937BE203009BD10EE2C40293E801D418E7000099D028E203019317
:20733000E2C4019BE8089378E7000040D02AE20300931ACA04041AC5000182BE86BE8BBECE
:207340000006B2BDAABDA2BDE20304BDFE0286A4D012E6CF000482A54892FFEC00EDD016C8
:20735000E2AF0092E5A0AD14FFE100B2D00EE2AF00E3E6CF0022D11EE2AF0193E697000266
:20736000E2AF009A76486B9ED020D10EE2030092D030E2AF0192E2AF009BD016E303239204
:20737000E720001877007700E2740101770077007700E801FC02E27C044177007700770044
:207380007700E27A0000770077007700E71000407700D126E2700000D026E203009AE2AFB8
:2073900000927648EA78E70000D9E7000122D116E7100089D026E2030092E277000BD00E4B
:2073A000E2AF0293E2AF019AE6950009E27400E0E6940011AD146426E6940014AD14642216
:2073B000D02ADC36E2AF01927648E475D128D026E203009AE2AF0092E5A0AD14630AD0263C
:2073C000D128E2AF0092E2AF019AE71000406F06D028E2AF0192E7200040D022E2030092ED
:2073D0006F05D026D12206921E9AD022D132E2AF0092E2AF019AE805F553D024D122E71099
:2073E0000040E80BF7D3E2030092E2AF029AD022E801F550D10EE696001AE80BF7D0E203B8
:2073F0000292D022E2AF0192E6CF0022D022E6970001E2030192D024E2AF019BE2AF0092D0
:2074000076486B9ED02AE20300926F12D11ED00EE2AF02E3E2AF009AE2AF019376486B9E59
:20741000D120D022E591E203009AE2030192D022D12CE2AF0092D02EE2AF029AE2AF0192AB
:207420007648EF1FD12ED018E203009AE2AF0092E27A00007700D134D034E2030092D02EA6
:20743000E2AF0192E2AF009AE7100040D01EE20300926F0AD11EE591D020E801FC00E203B9
:20744000019AE2030092FE82E2AF04BE82BE86BE8BBE000680A988A8761F029392A5931F08
:20745000530462105304616B5300FFE100D85301FFE100A95302FFE100905303FFE10083CA
:207460006F27530561085306614E53076125530861116F1E761F01CC56BF0205761F0293CB
:207470009A0056BF061F761F01CC28096C20FFEF00D7761F01CC88069206761F0293560339
:2074800008A92B1F56BF012C94A6FFEF00C99A002B1FFFEF00C5761F01CC45026C0B1A02EB
:207490000020761F02939A002B2B56BF081FFFEF00B7761F0293922B61122B2B761F01CCAF
:2074A0001809FFDF56BF01C49A001A090020761F02932B1F56BF012CFFEF00A20A2B9A0001
:2074B000FFEF009E922A61079A002B2A56BF071FFFEF00960A2A9A00FFEF0092761F01CCAE
:2074C00042026C09761F02939A002B2856BF051FFFEF0086761F0293922861112B28761FF1
:2074D00001CC1809FFDF56BF01C49A001A090020761F02932B1F56BF012C6F710A289A00B7
:2074E0006F6E922961069A002B2956BF041F6F670A299A006F6452016108761F01CC56BFBE
:2074F00002057F087E086F06761F01CC56BF01057E0828096620761F02939A0056BF031F3E
:207500006F4E52016106761F01CC56BF50076F069B50761F01CC95A797074C026D08761F32
:2075100002939A002B2756BF021F6F39761F0293922761112B27761F01CC1809FFDF56BFDF
:2075200001C49A001A090020761F02932B1F56BF012C6F250A279A006F22761F01CC4B094D
:207530006D08761F02939A002B2656BF011F6F17761F0293922661112B26761F01CC1809CE
:20754000FFDF56BF01C49A001A090020761F02932B1F56BF012C6F030A269A000006B2BD2F
:20755000AABDA2BDFE0AD0087685D2008BA95BA492965AA590030EA91EACCCA300035CA9C3
:2075600006581E489255964406541E46ABA90FA4602ED032CC960002FFC02BAA0EA91EA7BD
:2075700092A3FFC1900127A906A70FAB6020D01480A2929690FF0EA90FA76019D015CC96D4
:207580001F00FFC70EA90FA16012761F1748C5469215901F0EA90FA7600AD0229344929610
:2075900088A8903F0EA90FA6FFE100B67622D0148F05D20088A2929490FF0EA90FA660133A
:2075A000D015CC941F00FFC70EA90FA1600C761F1748C4469215901F0EA90FA66004D00ECC
:2075B00040946D7283A4DD0E18C5FFFDF6787700B2A9761F1748A346FF37180EFFFECAAB32
:2075C000CBAAFF3FAFA21E4A761AF6427700D008929490030EA91EA6CCA3000380A906A6AD
:2075D0000FA7600ED032CC940002FFC00EA91EA692A3FFC1900180A906A60FA7611892A31A
:2075E00061135201610D5202610752056010FF697648F2CB6F0CFF697648FF116F08FF6960
:2075F0007648EA4C6F04FF697648FF68F63C770076227685D20083A6B2A98AA6FF39DD228E
:2076000018C5FFC0C54AFF1A0001DC0ED016C3141EA71AC40001CC9600015201610806A78E
:207610006106CC160001DF81520160FA761A7A4192465CA3D500FF69964279430648764804
:20762000A5895200612776229244523F6009761F1748903FCD22FFC0CAA896226F0A761F31
:2076300017489A01CD22FFC09444903FCAA896228F45D2008AA5DC0E1AC40002F664770051
:20764000D0229244903FCD95FFC0CAA89622761A6F027625FE8AFF6982BE86BE8BBE0006E9
:20765000B2BDAABDA2BDFE06A8A98D00010182A48BA5FF1800018AA95D931E469A009B3C9B
:207660007648A4FC96C188C1290180A6FF20FFFFD2002843001E0FA7614588A6FF20A55A9C
:207670000FA6603F8D0001019A008A469B3E5D937648A4FC96D992D97648FFAA96E192E15B
:20768000612D9B0295A99741A2A9FF1001011EA78AA39B1E92C796429A0083467648DAE690
:207690008AA392E1DC1F7648F3A980E1D01F93A773A088A90E930FA6601492A7611358A2A6
:2076A000924372A0B2A9D8010DA288938AA9DA0192A27EEC54E168F46F0528C110106F02BA
:2076B0002BC18D00010092935201610988C12901FF20A55A0FA66005FFEF00862B932BC195
:2076C000A2A98D000101FF1800015D9386A98AA99A009B5E7648A4FC96C988C980A6290175
:2076D000FF20FFFF2843002F0FA7616D88A6FF20A55A0FA660678D0001019A008AA29B6047
:2076E0005D937648A4FC96D992D97648FFAA96E192E161559B0295A99741A2A9FF1001014C
:2076F0001EA78AA383A29B2F92C796429A007648DAE68AA392E1DC307648F3A980E1D030E9
:2077000088A993A773A02BAA27A60E930FAB603A93A7D200611658A2934373A0B61FB2A9BE
:207710000DA2D8018AA993A273A72793A2A93FEC0DA78AA9DA01D08093A23F9455E168EC7B
:20772000A2A909808AA9D01E2894A55A58E1D81F7E9492E19C029641A2A9FF1001011EA74E
:2077300092C79642A2A909808AA9A2A9FF18000183A99A009B1E7648DF966F0528C9101067
:207740006F022BC98D0001009293520160032B932BC9FE8682BE86BE8BBE0006B2BDA2BD84
:2077500092DDD300C448603192EC9C0196ED9A062DA336A907A509621EA792CF610493EC2C
:2077600095A997CF9A0536A907A509C41EA792CF610493EC95A997CFDB0192A3521068E8FD
:20777000D3009A062DA336A907A5090C1EA792CF610493EC95A997CFDB0192A3520E68F29D
:2077800092EC72CD56BF01DD0278761F02E40F1C6807761F02FA920290075201610392CDD8
:207790006F0292ECD022969692EC610892EC9B0054ED6805D0092B956F169B01D009530038
:2077A00056BF019561105301602CD0619295D160D0609C02969D929552106823D0609CF073
:2077B00096956F1FD300D06192959EA32DA963039C102DA93106565700A5A9A6D06392EC4D
:2077C00054966705DB0192A3521068EE9A01D06094AC521096956805C4A59A10DE6074C6FA
:2077D000530061105301602DD0C39295D1C2D0C29C02969D929552106824D0C29CF09695E6
:2077E0006F20D300D0C392959EA32DA993AC63039C102DA9350507A51EA6D0C592EC549688
:2077F0006705DB0193A3531068EE9B01D0C295AC531097956806A0A909C21EA69A1074C61A
:20780000D00AD3002B959A062DA336A907A51EA6D00D92EC54966706C4A59A01FF66DE0A39
:2078100072C6DB0192A3520E68EF92C45212602FD0619295D160D0609C02969D92955210FC
:207820006804D0609CF09695D0C39295D1C2D0C29C01969D929552106804D0C29CF0969508
:20783000D109D00AD3002B9D2B959A062DA336A907A58AA9D00D929461068AA59A01FF6662
:20784000DC0A72C4DB0192A3520E68F082BE8BBE0006B2BDAABDA2BDFE06A8A98D0001019B
:2078500082A48BA5FF1800018AA95D931E46FF2000007648A4FC96C188C1290180A6FF2097
:20786000FFFFD2002B430FA7614588A6FF20A55A0FA6603F8D0001019A008A469B025D9348
:207870007648A4FC96D992D97648FFA496E192E1612D9B0295A99741A2A9FF1001011EA713
:207880008AA39B0092C796429A0083467648DAE68AA392E1DC017648F3A980E1D00193A7CB
:2078900073A088A90E930FA6601492A7611358A2924372A0B2A9D8010DA288938AA9DA0130
:2078A00092A27EEC54E168F46F0528C110106F022BC18D00010092935201610988C12901DC
:2078B000FF20A55A0FA66005FFEF00832B932BC1A2A98D000101FF1800015D9386A98AA921
:2078C0009A009B1E7648A4FC96C988C980A62901FF20FFFF2843000F0FA7616A88A6FF2092
:2078D000A55A0FA660648D0001019A008AA29B205D937648A4FC96D992D97648FFA496E110
:2078E00092E161529B0295A99741A2A9FF1001011EA78AA383A29B0F92C796429A00764809
:2078F000DAE68AA392E1DC107648F3A980E1D01088A993A773A02BAA27A60E930FAB60377F
:2079000093A7D200611458A2934373A0B2A9D8010DA280938AA908A20001A2A97FEC0DA2CA
:207910008AA9D08093A27F9455E168EEA2A909808AA928C4A55A58E1D8017E9492E19C02D9
:207920009641A2A9FF1001011EA792C79642A2A909808AA9A2A9FF18000183A9FF20000069
:207930007648DF966F0528C910106F022BC98D0001009293520160032B932BC9FE8682BE3B
:2079400086BE8BBE0006B2BDC4A4C546D024E801EE60DE2492C6502096C693C5CCA9FF7F16
:207950009104FF94CBA99794E2C401D5E80E6668E70000407700E850D2007700E68A000180
:20796000E801EE60E20301F4E2C401FDE80E6668E70000407700E850D200D008E68A00019D
:20797000E801EE60E20301E4E2C40195E80E6668E70000407700E850D2007700E68A000067
:20798000D00CE20300D406F41E9443C56C14E801EE60E2C401CDE80E6668E7000040770011
:20799000E850D2007700E68A000077007700BFA60F126F0376800190D008C29440C56D0ACF
:2079A000C4A7D10ED010DE0406E61E9C06C61E946F17E801EE60E2C401DDD00EE80E6668B4
:2079B000E7000041E801EE63E2030194E2C401E5E80E666BE7000058D010E203009441C5EA
:2079C0006D0AC4A7D112D014DE5406E61E9C06C61E946F17E801E118E2C401EDD012E80ED4
:2079D000B850E7000041E801E11BE2030194E2C401F5E80EB853E7000058D014E2030094CF
:2079E000D00992956104D00A9295601A8D400104E801D6C1E801D6C0D01EE2AF029FE80AC4
:2079F0002681E7000089E80A2680E2030194E2AF019FE7000040D020E20300946F2FD00916
:207A0000E801C689E2C40295E801DD188D000104D11EE80DB8B9E80EB850E3044B97D00A8B
:207A1000E7000041E801C688E7000059E80DB8B8E801DD1BE203019CE2C40295E80EB853B1
:207A2000E70000808D000104E7000018E2AF0297E7000010D020E2030094D01EC494D1228B
:207A30008D000106C29CC497D11CD01AC2948D00010806971E9C8BBE0006B2BDAABDA2BD4B
:207A4000FE0286A482A592C25201FFE000E592F254EAFFE700DB88E272A6A2A90DA60980DE
:207A50001EA7D00892C7969292F294E2560301A95DA992FA5202620A520261515200FFE171
:207A600000A05201616EFFEF00BE5203611A5204FFE000B9D00A929261105201FFE000BC7D
:207A7000761F0012D00B1A0000102BF22BFA56BF01922BC2FFEF00B00AF22BFAFFEF00AC1A
:207A8000761F0293922C600EA2A98D000101FF1800018AA993A592DA5D937648744AD00982
:207A90009692761F0293922C5201FFE000952B2C8D0001009293600AD109889AD0080E9217
:207AA0000FA66004D00A2B926F078D400100D00A2B9B56BF019256BF04FA6F7D761F029361
:207AB00092256016A2A9FF1001011EA7D00892C79641A2A9FF1800018AA993DA929276487B
:207AC0008FF38D0001009293520160022B93761F029392255201605F2B2556BF03FA6F5BDF
:207AD000761F0293922C600EA2A98D000101FF1800018AA993A592DA5D937648744AD00932
:207AE0009692761F0293922C520160452B2C8D0001009293600CD109889AD0080E920FA6DF
:207AF0006006D00A2B9256BF04FA6F358D400100D00A2B9B56BF019256BF02FA6F2C761F6B
:207B0000029392256016A2A9FF1001011EA7D00892C79641A2A9FF1800018AA993DA929253
:207B100076488FF38D0001009293520160022B93761F029392255201600E2B2556BF01FAED
:207B20006F0A2BF22BFA6F072BF2D00B2BFA56BF01922BC2FE8282BE86BE8BBE0006761F7A
:207B3000001092015203620D520361425200FFE100C05201FFE1009252026167FFEF00E035
:207B40005204611C5205FFE000DBCC0B0030FFC3520264085202FFE000D31A0B0040FFEF5F
:207B500000CF761F03159A058F00040A9B05E2AF001E7648C056FFEF00C3CC030030FFC3C8
:207B60005202640A5202FFE000BB1803FFCF56BF0501FFEF00B5761F03159A048F000402CE
:207B70009B01E2AF00067648C056FFEF00A9CC0B0030FFC35202641A5202FFE000A1921145
:207B8000CD0AFF0F900FFF83CAA8960A920D960F2B0D761F01FC1A020800761F001056BFE1
:207B90000401180BFFCFFFEF008B761F0315E2AF002A9A038F00040A9B05E2AF011EE6AFDF
:207BA00000007648A7276F7BCC0B0030FFC352026417520260749211CD0AFFF0900FCAA815
:207BB000960A920D960E2B0D761F01FC1A020200761F001056BF0301180BFFCF6F60761FD7
:207BC00003159A028F00040A9B05E2AF002AE2AF011E7648A7276F53CC030030FFC35202E6
:207BD00064185202604C9209CD02FF0F900FFF83CAA89602920596072B05761F01FC1A0264
:207BE0000008761F001056BF02011803FFCF6F37761F0315E2AF002A9A018F0004029B01FD
:207BF000E2AF0106E6AF00007648A7276F28CC030030FFC352026417520260219209CD0256
:207C0000FFF0900FCAA89602920596062B05761F01FC1A020002761F001056BF01011803E2
:207C1000FFCF6F0D761F03159A009B018F000402E2AF002AE2AF01067648A7270006B2BD3E
:207C2000FE02D05E4094FFED0082D15CD0662B9CE2AF01C5E2AF0094E6940001AD1463107F
:207C3000D066E2AF01C5E2AF0094E274000977007700D064E2AF0094E70000086F04D06446
:207C4000E2AF0094D158D078E203009CE2AF0194E811FC01AD146529D158D05DE801FC3037
:207C5000E2AF029CE2740051E2C40294E80B3330E71000807700E6940001AD14630CE8012A
:207C6000EE60E80E6668E72000107700E6940001AD146206E68E0008D05DE2130094D06856
:207C7000D15D9294549C6606C5A4D05DDF6892C79694D05D9294600ED010D10EE2AF00943F
:207C8000E2AF019CE7100040D012E2030094FFEF008483A4D05DDD5E1AC5000192949C0180
:207C90000EA9BDA90F1277007700D10EE2AF019CE68B0000D010E7000009E2AF0394E7103B
:207CA00000C8D012E20300946F6783A4D15CD05DDD5C0AC5929C5494685FD06854946812CB
:207CB000D06892949C010EA9BDA90F12770077007700D078E68B0000E2AF0194E700000848
:207CC0006F109B0195A90EA8BDA90F12770077007700D078E68B0000E2AF0194E7000008DB
:207CD000D05AD160E2030094D05AE2AF019CE2AF0094E6940008AD14641ED062E2AF019426
:207CE000E6940008AD14640E83A4D062DD5E18C5FFFEC494D15AD05AC294D078069C1E94C2
:207CF0006F1B83A4D05AD178DD5E18C5FFFE06941E9C6F1283A4D05DDD5D0AC51B94025800
:207D0000680BD15C83A4D05D289C025828940258DD5E1AC50002FE828BBE0006B2BDAABD7A
:207D1000A2BDFE0A761F029C922261200E28761F02E3880A0FA66015761F029C0E29761F19
:207D200002E3880B0FA6600D761F029C922A761F02E354066606761F00121810FFFD6F0A36
:207D3000761F00121A1000026F05761F00121A100004761F029F9232610688A9FF20101046
:207D40000FA66005761F00121A100001761F029992046005761F00121A000002761F029919
:207D500092346005761F00121A000004761F02A192346005761F00121A000008761F01C1A0
:207D600092218D4004909002FF8398C176228D8040008F004100AAA976804200099983A974
:207D700076C04400AAA909981E42A8A909991E44A8A909988F0043001E4606A609991E48F4
:207D800006A609981E4A76804500A8A909991AC500011EACA8A983420998FF5A8F00460071
:207D900006A71AC50002099982A9834406A709981EA71AC5000106A6099983468EA906A6C4
:207DA00009981AC500021EA6A8A9099983A9A8A98A481AC400018A4A1AC40004ABA41AC479
:207DB0000001A9A40998761F01EA1AC400048AA91AC300011AC700401AC000011AC6004035
:207DC0001AC500011AC400401A320002761AFF204E1E7640C493D09540926C0E1AC9000893
:207DD000761F031E0602761F028056BF011E1E1C28250FA02B268F0004928F40A2529A0180
:207DE0007648BCA09A038F0004938F40A2C47648BCA09A078F0004948F40A3367648BCA0CD
:207DF0009A058F0004958F40A3A87648BCA0FE8A82BE86BE8BBE0006B2BDAABDA2BDE20303
:207E000004BDFE08761F02EF9307C4565303A8448258C248C45486A5E6CF000459A9C24635
:207E1000FFE100C629018F00C4B0560301A1560100A48AC4D0954094FFED00BAD094419423
:207E20006C0492A15201611F560301A18F40C4B0560100A5029407C58AA942C46C0492A154
:207E300052036111560301A18F40C4B0560100A5029407C58AA946C46C6E92A152076103C8
:207E4000520560698F000487761F02A60A9CE2AF0100E5A1AD146509E801EA60E80E6668C7
:207E5000E6940001AD146427E801F730E80B3330E6940001AD146509E801F860E80E666836
:207E6000E6940001AD146417E801FB98E8099998E6940001AD146505E811FC01AD14640BE1
:207E70008AA39A00D00ADC0A0BC456720093D00A96936F0B8AA328A903E8D00ADC0A0AC44D
:207E800056740093D00A96938F000487929C5209681ED00192A172A08AA28F4004872B9DF5
:207E90002B95DC407648D8D28A461AC400018A44D00A56BF03C49293520268068AA3D00A6D
:207EA000DC0B0AC42B93DA4F18C2FFEF92A17648C1846F3A761F02D7E2AF0026E6940004DC
:207EB000AD146432DA4092A18AA27648D8D28A461AC400088A48D052761F02A6D15756BF56
:207EC0000194E2AF0000E850ED00E8504821E8504800E68C0009E68C0000D058E213009C90
:207ED000E21301948A4456BF03C46F0E8AA2DA4F92A118C2FFFBDC407648D8D28A4492A100
:207EE0002BC47648C184FE88E2AF04BE82BE86BE8BBE0006B2BDAABDA2BDFE0482A4DC0F9C
:207EF00093C488D4864EFFD780A87E4392CC40A66D20530D611E3B0185A9BDA90F12770014
:207F0000770077007700E6890001761F029FE2AF0310E27400C87700770077007700E85080
:207F1000B2007700E68C000077007700BFA90F1293F39DFE530261049A07FFEF00B193A7EA
:207F2000530B6177530C6147530DFFE0009B761F02E74A126C443B0185A9BDA90F16770034
:207F3000E801D418D108D01EE6890009E8089378E7000040969DE5A0AD14E2030095631095
:207F4000E825FC00D11EE805F999D01EE203009DE8099999E6970008E20300956F15D01EA6
:207F5000E801F998E2AF0195D11ED01EE831FC01E8099998E2030195D01EE2AF019DE69647
:207F60000001E2030195D01E9A02E2AF00957648F8176F57761F02E749126D039A046F5F8D
:207F70003B0185A9E801D418E805F8CAD01CBDA90F1696FDE8089378D11CE80CCCD2E68910
:207F800000099A01E7000043E801F8C9E2030395E6CF0018D01CE80CCCD1E6970008E20338
:207F90000095E6960010E203009D7648F8176F293B0185A9BDA90F127700770077007700FC
:207FA000E68900007700E8220D00E68C000077007700BFA60F1296F592A685A9BDA90F1662
:207FB00077007700E801D41BD01AE6890009E808937BE70000589A00E20300957648F8176B
:207FC000924341A96C0BA2A9FF10011782A91ACA100C9A141AC300016F029A00FE8482BE75
:207FD00086BE8BBE0006B2BDAABDA2BDFE0259A85BA929018F40C4B092A1560301A95601CA
:207FE00000A5C4C5D06B86A4761F00109296D06B9C0596960ADA931855DAFFE9008692A3B8
:207FF0007648F1BE5201616A92A17648DC2A5201615E761F0010E2AF0214E6940011AD1445
:20800000634FE2AF0112E6940008AD1464737622029B07C58AA91AC40004761A761F01FCB8
:208010001A02000202621A0200081A0202001A0208007640C49392A3CCA9FFFE610692A318
:20802000520261035203600B761F01FC1A0400201A0400801A0420001A048000FF200F9EB2
:208030007640C49392A37648F1BE520161032BFA6F1256BF01FA762292A129018F00C4B01C
:20804000560301A9560100A4029907C48AA91AC40001761ACCCAFFEF502096CA6F2B56BF17
:2080500005FACCCAFFEF502096CA6F2456BF04FACCCAFFEF502096CA6F1D56BF03FACCCA8F
:20806000FFEF502096CA762229018F00C4B092A1560301A9560100A4029907C48AA91AC4D5
:208070000001761A6F0756BF02FACCCAFFEF502096CACCCA0030FFC352026039762292A144
:20808000520161165205602029018F00C4B0560301A9560100A48AC4A8A9099983A9A8A956
:2080900009998AA91AC500401AC400806F0D29018F00C4B0560301A9560100A4029907C471
:2080A0008AA91AC4000229018F00C4B0560301A1560100A48AC4A8A9099983A9A8A9099B28
:2080B0008AA91AC500011AC40004761AFE8282BE86BE8BBE0006B2BDAABDA2BDFE0283A47C
:2080C0008DC0B9C0E801FC108D80B98076C0B8E68D40B8D88EA37680B9008F00B90EE80C44
:2080D0007AE0F6732B80D0B2F6232B82F60D2B81F60D2B87F60D2B86F60D2B84E2AF0195E9
:2080E000E2740042761F02E7D0B0E801FC10E80C7AE0E203020EE2AF0295E70000807700AC
:2080F0007700E274004077007700D0BCE2030200E20300020695D0BE1E06E2AF0095E84F71
:20810000A0007700E2030008C406D0120606761F02E8C210761F02E78706A3088A06C5083F
:20811000761F02E81E1A761F02E7C4080608761F02E8AB24A82E8F00B954A912C31CC226FE
:208120001E30761F02E7CC93FF005023961276487118E801FC10761F02E5E801E51AD0B2D8
:20813000E805EE63E80C7AE0E2AF0118E7000041761F02E78F00B9F6E80EB852E2AF0095EF
:20814000E2740009E80E666BD0ACE801E518E80EB850E2030104E203002CE801EE60E8017E
:20815000FC010695E80E6668D0AE1E3006952842CCCD1E3228413DCC7648F1DD761F02E77D
:2081600028A903E8E2AF0108761F02E3E84FC00856BF1E1EE203001C9E1E0EA9BDA90F1ADC
:20817000770077008F00B88AE7200009E68B001256BF1E2C761F02E4E274008956BF1E06AB
:2081800056BF1E14761F02E3E203002AE203011A761F02E4E2030004E2030012761F02E33A
:20819000E2AF001AE2030028761F02E4E2030002E2030010F6022B84FE8282BE86BE8BBECC
:2081A0000006B2BDC5A527A99B00AABD86A47648C312762292AB5203613F5204613D520140
:2081B0006007D0C0CC92FFF0D0C05001969292AB52026007D0C0CC92FFF0D0C05002969283
:2081C000D082CC92FFF8D08250019692AAA909C38BA9AAA909C31EA618C1FFFEAAA909C7FE
:2081D00083A9AAA909C78AA91AC60002D0C718C5FFFC18C4FFFBCC92FFDFD0C7501096928B
:2081E000AAA909C883A9AAA909C88AA91AC500011AC400026F4AD082CC92FFF8D082500115
:2081F0009692AAA909C383A9AAA909C38AA918C5FFFED084D1841AC40002CC92FFEF50208B
:20820000D082969ACC92FFCFD08250089692AAA909C31EA6AAA909C383A9AAA909C78AA95A
:2082100018C6FEFFD0C71AC5020018C4FFFBCC92FFDFD0C750109692AAA909C883A9AAA927
:2082200009C88AA9D084D1841AC500011AC40002CC92FFBF5080D0C0969A92AB900FCD92EA
:20823000FFF0D0C0CAA89692AAA9098083A9AAA909801AC501008AA9D0848BA2C4A21AC459
:208240001000CC92FFFED08450029692AAA9099B8AA983A2D908DE081AC400048AA2DD08DC
:2082500018C2FC7F18C2E3FFDC0818C2FFFC18C2FFF71AC200041AC2200018F2FFFE1AF285
:20826000000418C1FFEF18C6FFBF18C5FFFC18C4FFF38AA2D040D140CC92FFFEDC0C50020F
:20827000D040969AD140CC92FFDF5010D06B969AD16D92D79692D06392E7969A92C796926A
:208280002BE218C4FFFC761A86BE8BBE0006B2BDA2BDFE0293C4A34CC44A40A8824EFFEC12
:2082900000D941A8FFED00D60AC593C553016031761F02A6E2AF0000D137E8515840A9A747
:2082A000E68C0000D02CE213009EE2AF0097E8504800C5A6E68C0000D038E2130096DF378F
:2082B00056BF01C693C7C5A697F6DF3893C7C5A6761F031597FEDF37E2AF002A761F028278
:2082C000E850480093C7E68C00009729E213002A93C5530669322BC5D032761F00122BCD96
:2082D00056BF019640116D020AC318C4FFFE761F02E39323530A6710761F02E39331530ADD
:2082E000670B761F02E4930B530A6706761F02E49319530A6856761F02E31A240001761F99
:2082F00002E31A320001761F02E41A0C0001761F02E41A1A00016F45761F02A6E2AF000A5E
:20830000761F031DE2AF0108E70000087700E8120D00AD146414761F0315E801EFA9E2AFA9
:20831000032A761F02E5E80E1479E3261A0EE70000897700E694000BAD146318E8160D003D
:20832000AD14621F761F0315E2AF032AE805EFA9761F02E5E326020EE80E1479E700008983
:208330007700E6940008AD14620C0ACD93CD6109761F028256BF01242BC52BCD18C4FFFE50
:2083400054C3662796C3D13C761F031E1AC40002D03A56BF019E0602761F02A61E96E2AF35
:208350000000E850ED00A9A5E8504800D143E68C0000D02CE213009EE2AF0095E85048005F
:208360007700E68C0000D044E213009618C4FFFEFE8282BE8BBE0006B2BDAABDA2BDFE2A30
:20837000C5748BA482781E6A8676C368A24283687648C77D8F00BBC3761F02E276C0C70088
:2083800006687680049BA860AA6483A10902C366E2AF00101E621E420664DD321E440666A4
:20839000C2461E48A2A976489D3006688AA209038F40C7121E5ADC03C45AA85CB2A98F00D8
:2083A000BBC4A858C242C55C09A4761F02E27680049DC344A05EC246C45E83A9A2A9E2AF25
:2083B000001CC24876489D3006688AA209048F40C7241E52DC06C452A854B2A98F00BBC5CD
:2083C000A850C242C554FF11008B761F02E27680049FC344A056C246C45683A9A2A9E2AFB4
:2083D0000028C24876489D30DA098F00BBC60668AA4E761F02E20905A84A1E4CC44C8D8077
:2083E000C736B2A9FF130031C24283A9C54EE2AF0034768004A1A2A9C344C246AA48764835
:2083F0009D308368066AA2428AA17648C7240662761F02E21E428F00049C83A10664E2AFFE
:2084000000101E440666A846DD521E48A2A98A6076489C87C45AB2A9761F02E209C4C24222
:20841000C45C83A9E2AF001C8F00049EC244A846065E1E48A2A98A5876489C87C452B2A9E5
:20842000761F02E2FF11009BC242C45483A9E2AF00288F0004A0C244A84606561E48A2A9E3
:208430008A5076489C87C44CB2A9761F02E2FF130035C24283A9C44EE2AF00348F0004A20A
:20844000A2A9C244A846AA488A4A76489C87A2A98AA183687648C5B5FEAA82BE86BE8BBE28
:208450000006B2BDAABDA2BDFE0482A58D00032B065086A4834E1E444393FFED008A8D0061
:2084600003219293FFE000818A442B4188C4CC41FFFC8D00049293A6FFD89101CBA992A654
:20847000FFC69002CAA896415603029590078D00049CCD41FFFBCAA896419295CD41FFF71C
:2084800090018D0004A6FF82CAA896419295CD41FFEF90018D0004B0FF83CAA89641929563
:20849000CD41FFDF90018D0001CBFF84CAA896419295CD41FFBF90018D0001D9FF85CAA849
:2084A00096419295CD41FF7F9001D05BFF86CAA880A988A996410E930FA76136D15BAAA9E1
:2084B000D05A7E9B09801EA78AA98BA9929396C7C5A3DF5B27C7C5A33FCCDF5C92C796D134
:2084C0009A037648F3A9C5A3D05D96938D000323DF5D92C796D9A2A98D400322FF10032BB6
:2084D00056BF069B8D4003218AA956BF01938D00032456BF04938D00031F56BF019356BF3C
:2084E000019B1AC400088D00032B43936C498D00032A9293520160448D00010092925201D9
:2084F00061178D0003299293520161128D00031B44936C218A4449C46D069A049B007648FC
:20850000F0E56F199A039B007648F0E56F148D00031B44936C0D8A4449C46D069A049B032B
:208510007648F0E56F059A039B037648F0E58D0001002B928D000329A2A92B938D40032A6F
:20852000FF10032B8D00032183A9A2A9FF10031B8AA92B9B2B9318C5FFF718C4FFEFFE84D3
:2085300082BE86BE8BBE0006B2BDAABDA2BDFE188F40ACCC020AB6008AA51E42FF200258FC
:20854000C3447648FFB68D40ACD2B600020A1E428AA1FF200258C3447648FFB6B600020A54
:208550001E428F00ACD8FF200258C3447648FFB6A8ACB600020A8F00ACDEA8561E42FF20F9
:208560000258C3447648FFB6B600020A8F00ACE4A8521E42FF200258C3447648FFB6B60043
:20857000020A8F00ACEAA84E1E42FF200258C3447648FFB6B600020A8F00ACF0A84A1E4232
:20858000FF200258C3447648FFB6B6008F00ACF60200A848C3421E44FF2002587648FFB6BC
:2085900076228F004000C4A48DC04100761F0104DE0318C6FFE0CCDBFFE076804200500127
:2085A000C2589603C55876804300761F010CC254DF0318C7FFE0CCDEFFE050037680440044
:2085B000C250960376804500C5508D804600761F0114C24CDF0318C7FFE0CCDEFFE0500527
:2085C000768052809603761F0118CCDAFFF05013C246DE1E960318C6FFE0761A9A01764851
:2085D00081A1761F01009A011800FFFB83A18AA3764881A19A02ABA58A58764881A1761FB2
:2085E00001089A021800FFFB8A548356764881A19A038A508352764881A1761F01109A03BE
:2085F0001800FFFB8A4C834E764881A19A04834A8AA2764881A1761F0119D040CC92FFFC43
:208600008A46834850019600CC00FFEF50209600CC00FDFF1AA9010096007648E885FE9835
:2086100082BE86BE8BBE0006B2BDAABDA2BDFE0682A492D3CDA9000753022B45FFE000D0C2
:20862000761F02AC931E761F02A9CB1E761F02AFCB1E761F02B2CB1E41A86C3A761F03187D
:20863000D024E2AF0124E2AF0093E6940001AD14622FCCA9FFF8501996D392CBCDA900FF7F
:20864000CCA9FF0008A90100CAA893A99A0194A890FFCDA8FF00CAA8CDA900FF96CB530BC6
:20865000640428A90E106F0790FF28AC012C12A908A9012CD029761F0293969356BF011C96
:2086600092CB90FF96139245500296459614A2A98D40BD808F40C70009048AA11E42A04450
:208670008F40AA007648DB688D80BDC0A2A98F40C712090C1E428AA2A0448F40AAC0764877
:20868000DB68A2A98F40C72409141E428F00BE00A0448F40AB807648DB68A8ABA2A98F407C
:20869000C736091C8F00BE401E42A0448F40AC407648DB68A8ACD0299291900F610FD029A3
:2086A0009292900F610BA9A4D0299294900F6106ABA4D0299294900F604292EB90FF520A02
:2086B000643ED00D929390FF520A6439D015929390FF520A6434D01D929390FF520A642F61
:2086C000CCD3FFF8501996D392CBCDA900FFCCA9FF0008A90100CAA893A99A0194A890FF26
:2086D000CDA8FF00CAA8CDA900FF96CB530B640428A90E106F0790FF28AC012C12A908A9A7
:2086E000012CD029761F0293969356BF011C92CB90FF96139245500496459614FE8682BEC6
:2086F00086BE8BBE0006B2BDFE02D0469294520161655202FFE000CE761F02D9C402D014F8
:20870000D10AC294D038E2AF019CE2AF0094E6940008AD146514D00CE2AF0194E69400088D
:20871000AD14FFE200B7D00ED12CE2AF0094E2AF019CE6940001AD14FFE200ACD04F409406
:208720006D23761F02A6E2AF0002E811F400AD146505E811F800AD14640BE811FA00AD14EC
:20873000FFE50098E811FC00AD14FFE30093D146D045761F02D756BF019C56BF0394060E76
:208740001EC4FFEF0087761F02A6D010E2AF0108E2AF0094E6940001AD14637BD146D045A0
:2087500056BF019C761F02D7E59056BF0394D010060E1EC4E20300946F6CD0129294520143
:208760006066D038E2AF00F4E2AF0194E6940001AD146408D01CE2AF0094E811FC00AD1411
:208770006314D038E2AF00E4E2AF0194E6940001AD14644DD008D12CE2AF0094E2AF019CBA
:20878000E6940001AD146443D04F40946D24761F02A6E2AF0002E5A0AD146505E811F40005
:20879000AD146409E811F800AD146533E811FA00AD14632FD146D045761F02D756BF029CBE
:2087A00056BF02940610D014761F02D91EC406021E946F1FD04F929441A96D1BD146D04597
:2087B000761F02D756BF029C56BF0294C410D014761F02D9C2C4C4025002D110761F02A6F9
:2087C000C294D04F969406081E9C6F0376486A76FE828BBE0006B2BDAABDA2BD5AADDA8AB3
:2087D00008AD015C88ADD00D08A6FEA82BAB2BAA2B925BA688AD8AA5D00D8BC2DED6939241
:2087E00088A6D00C9792D00B979228A9010176C832DAF7A92483F6552B86D06192919EAA46
:2087F00088A96302DE102DA6350607A1096283A9CCC5C000600392CD600792AA9C015210E3
:208800002FA964EC6F04D00D289200012BAA9A012DAAD00AFF66CE916112350607A1090CD5
:2088100083A9CCC5C000600B93CD92AB54A86704D00B27A85792D00C2892000192AA9C0159
:20882000520E2FA964E5D00C929252016013D00D92925201600B2DA6350607A183A9D0631D
:2088300092AB54956907D00D2B92D00C92925201613DD00D929252016119D10FD00E2B9AB6
:208840005DAD2B92D110D01108A5FEA82B9AD11292A12B9258A98D40011088A593A12B92A7
:2088500058A8D1132B9AC2926F412DA65DAD2BAA8D000110350608A5FEA807A109621EA7A5
:2088600027A5A992D00F92CF9692D00E92C79692D01092D79692D01192DF9692D01292E7E4
:208870009692D01392EF96926F215DADD00B08A5FEA89A062D9236A988A507A1090C1EA77F
:208880008D000110C292D00F92CF9692D00E92C79692D01092DF9692D01192D79692D01252
:2088900092E79692D01392EF96925DAD9A01DDD65DA57648DF5A08ADFEA482BE86BE8BBE26
:2088A0000006E20304BDE20305BDFE02A8A9E8020900E801E51AE8020D81E80609038F0038
:2088B000A994E2030042E80EB852E801ED98E808A8D87648F1DD761F02A7E8021241E80176
:2088C000F260D01EE801E51AE2030108E80E66688F00AA00E2AF0195E80EB85283A9E7004B
:2088D0000040E805EE61E203000AE2AF00D5E84FA004E80E6669E84FC020E700010BE80124
:2088E000F4C9E2030042E80CCCD1E8060B807648F1DDE801FC38E801EA61E801E51AE80DD0
:2088F00070A08F00AA16E593E80E6669E80EB852E7000105E8020E40E20305427648F1DDEF
:20890000E801F4C8E801EA61E801E51A8F00AA2CE2030542E80CCCD0E80E6669E80EB852B0
:208910007648F1DDE801EA61E801E51AE80216408F00AA42E2030542E80E6669E80EB852F3
:208920007648F1DD761F02A9E801EBAAE801F309E801EFA8E80E147AE80A3D71E80E1478E2
:20893000E7000112E7000109E0080220E2030122E2030024E2AF00F5E27400217700D008D5
:20894000E801FCE0E80B8E40E203012656BF032856BF0329E2AF0124E7000041761F02AAE5
:20895000E801FC60E2030102E80E6668E2030506E2030204E2AF0195E70000407680AAC08D
:20896000E203000883A676C0AA00F68B248577008F00AB80F68B248477008F40AC40F68BCA
:208970002485FE82E2AF05BEE2AF04BE0006761F02A9B2BDE2AF0038761F02AC8BA4E2AF96
:208980000138E20304BD8F40C748761F02AF8F00B9C0E20305BDE3120138761F02B2E012BC
:2089900006BDE2AF0138E01207BD76487341761F02E7E8020649E801F512E2AF001EE808CC
:2089A0007ED9E6950000761F02A9E80FCC1AE700000BE8020248E801F511E271001CE271F1
:2089B000001EE8087ED8E80FCC19E2780027E3260538E2790033E30044C1E274012CE700C0
:2089C00001D1E70000187700E710004077007700E27400217700761F02ACE2AF0238761F99
:2089D00002A9E203013CE2AF01C1E27400517700770077007700E27400097700761F02AFC8
:2089E000E2AF0238761F02ACE203013CE2AF01C1E27400517700770077007700E274000912
:2089F0007700761F02B2E2AF0238761F02AFE203013C761F02ADE2AF0308E2AF01C1E274EB
:208A00000051761F02AAE274001EE2AF0208761F02B0E274000CE2740017E2AF0108761F70
:208A100002B2E274000DE203043C761F02B3E2AF0408761F02ACE2AF023C761F02A9E2747B
:208A20000020E2AF033C761F02AFE6970032E2AF013C761F02B2E697003BE2AF043C761F1C
:208A300002ACE6970029E203023C761F02AFE6970004E203013C761F02A9E2AF07BEE2034B
:208A4000033C761F02B2E203043CE2AF06BEE2AF05BEE2AF04BE8BBE0006B2BDFE02D01DC2
:208A50009294C5F5604FD0085603019552106629D01C56BF0194D108D01D56BF0194D020C9
:208A600056BF0194D0085603019D9C0DD10096C49295FFE100B6560301A12F9FC4A458A9BA
:208A700093AAFFD7DE0C979608A00001D901CDAA00FF92A19796D008549568EEFFEF00A1BD
:208A8000D01C2B94D100D01D56BF019456BF1DC42F9F560301A1D90188A183A458A9BDA676
:208A90000F1293AAFFD7DD0C9795E68B000008A00001CDAA00FFE8120800AD14979564E9B1
:208AA0006F7FD01D92949CFF560304A90EA9BDA90F127700770077007700E68B0000770012
:208AB000E84FC000D008E68E0000889592A6BFAB0F1254AB68630EA6BDA90F120EABBDA95F
:208AC0000F167700770077007700E68B0009E68B0000E89040097700E6940001AD14642CA6
:208AD00088A60EABD1000FA661190EA10DAB07A71EA6560301A12FC6C4A458A993AAFFD75A
:208AE000DE0C979608A00001CDAA00FFD9019796D00892959EAB54A166E9D01CD10856BFD3
:208AF0000194D02056BF0194929D9EAB560301A99C0D96C46F25D1000EA10DAB07A71EA67B
:208B000083A4560301A1D9012FC688A158A9DD0CBDA60F1293AAFFD7979508A00001E68B74
:208B10000000CDAA00FFE81208009795AD1464E5D01C2B9456BF1DC46F037648D041FE8235
:208B20008BBE0006B2BDAABDA2BDFE0682A4C450D18D86A51E44C246419B6D08A2A9D50C03
:208B3000098E8AA906447648F4118D40B986B2428AA383A2064676489A848AA37648FE717A
:208B4000B2428AA383A2064676489B318AA37648FE7B92CACDA900089010CAA8FFE000A426
:208B500092C35201600E93DB9A0394A8520A680392A89CF9761F031A88160EA90FA66105F0
:208B60009A005201FFE0009092CBFFE0008DD04992935201617BD05892935201616BD08D9A
:208B700041936D5BD064929352016018D066929360158AA37648DCAAD06792935201600EC7
:208B8000D06A56BF0193DC6AD50B06447648F411D06656BF01937648F9D8D0679293602174
:208B9000D07292935201601DD0749293601AD175D07856BF019B8AA356BF0193D50F064468
:208BA000DC787648F411D07456BF01937648F9D8761F00120A2692265264680356BF6426D3
:208BB000D03692935201603DD175D067929BCA936038D03792936035D13CD03E56BF019B5E
:208BC0008AA356BF0193D5240644DC3E7648F411D03756BF01936F25D08EA2A956BF019309
:208BD000D50C098E8AA906447648F4117648F9D86F18D05C8AA356BF0193D50E0644DC5C50
:208BE0007648F4117648F9D86F0CD04C8AA356BF0193D50D0644DC4C7648F4117648F9D810
:208BF00056BF01CBFE8682BE86BE8BBE0006B2BDAABDA2BDFE028BA582A4864CE2AF00D16E
:208C0000E2AF01D3E6940008AD14640FD012E2AF0193E6940008AD146504E5A1AD146005DA
:208C1000D00802001E916F068AA10201DC08560100C4D008E2840191E801D418E85028090B
:208C2000E8089378E70000407700E20300E192C390076134CCC9000F88A961209CFF52020F
:208C3000662F9A038AA33B019EA6560302A9DC02A8AB07AB8AA99A049EA680A9C4A1560362
:208C400002A7DE0207ABC24283A97648E0839001CDC1FFFECAA896C16F13D010E2AF01E1CE
:208C50009B00E2AF0093E6940001AD1465029B01CCC1FFFECAA896C16F0318C1FFFE92C316
:208C600090386136CDC9000F92A89CFB5202691553086030D020E2AF01E19A00E2AF009341
:208C7000E6940001AD1465029A01560301A9CDC1FFFDCAA896C16F1E8AA392C93B01DC1211
:208C800083A4900F560302A9560100A4560100A5B2A90902DC90DD941E427648E0835603F6
:208C900001A99003CDC1FFFDCAA896C16F0318C1FFFD88C1CCA60001CDA60002CBA96115D2
:208CA00092C142A96C17CCA9FFFB96C106D11ED292C140A96D0741A96C0BD01206931EC2FA
:208CB0006F0706D31EC26F0492A6500496C142C16D07CCC3F9FF1AA9018096C36F0892C9B2
:208CC000CDC3F87F90F0FF82CAA896C3FE8282BE86BE8BBE0006B2BD2BC4E2AF00C5E85082
:208CD00048007700E88FC0007700E68E00007700E21300CCE2AF00D5E85048007700E88F97
:208CE000C0007700E68E00007700E21300D4E2AF00E5E85048007700E88FC0007700E68EFA
:208CF00000007700E21300DCE2AF00F5E85048007700E88FC0007700E68E0000D008E213B0
:208D000000E4E2AF0095E85048007700E88FC0007700E68E0000D00AE21300ECE2AF00954F
:208D1000E85048007700E88FC0007700E68E0000D00CE21300F4E2AF0095E8504800770048
:208D2000E88FC0007700E68E0000D00EE21300FCE2AF0095E85048007700E88FC000D10815
:208D3000E68E0000D010E213009CE2AF0095E85048007700E88FC000D109E68E0000D012BA
:208D4000E213009CE2AF0095E85048007700E88FC000D10AE68E0000D014E213009CE2AFD9
:208D50000095E85048007700E88FC000D10BE68E0000D016E213009CE2AF0095E8504800D3
:208D60007700E88FC000D10CE68E0000D018E213009CE2AF0095E85048007700E88FC00027
:208D7000D10DE68E0000D01AE213009CE2AF0095E85048007700E88FC000D10EE68E00006F
:208D8000D01CE213009CE2AF0095E85048007700E88FC000D10FE68E0000D01EE213009C2F
:208D9000E2AF0095E85048007700E88FC0007700E68E0000D010E21300948BBE0006B2BD5D
:208DA000AABDA2BDFE0482A58D40010486A4D00806F38F40BEC21E9A8D4001020693D008AF
:208DB0001E9A8D4001060693D00A1E9A06938D0001081E927648EB9D8AA28F40BED1DC2C35
:208DC0007648CDCC8AA28F40BEE4DC527648B67B7680B1008F40BEF8AAA9C24209868AA93D
:208DD00076487943AAA98F40BEF609828AA97648FF61D1ACE801EE60D0ACE80E6668CC9205
:208DE000FFF08AA25003D0AD8F40BF10969ADC548BA32B92AAA98D00010AE2C40103FF11FA
:208DF0000087D906E7000041E801E118E2030192E2C40125E80EB850E70000408D00010CF0
:208E0000E2030092A0428F40BF03B244E2AF00C4E2AF01E48AA9764849748F40BF21AAA9F7
:208E1000A0428AA2FF1100AFB2448F40BF18DC04E2AF00C4E2AF01E48AA97648504A8F40D4
:208E2000BF29AAA9A242FF1100D78AA97648C375AAA983A1FF1100E38AA97648F86BAAA9F2
:208E3000B24209AE8F40BF628AA97648D20DAAA9A24209EE8F40BF428AA97648DC6AAAA92F
:208E4000B24209B88F40BF2E8AA976488E6BAAA9A24209B48F40BF3E8AA97648D72FAAA9AD
:208E5000B24209D88F40BF478AA97648A944AAA9B242FF14001D8F40BF508AA97648BDE493
:208E6000B2428AA28F40BEC07648A197FE8482BE86BE8BBE0006B2BD92CDCDC4FFFE90014D
:208E7000CAA888A9C54696C440A6FFEC00BDD00F56030295E801EE60CDA6FFFBE801EE639F
:208E8000E801EE629007C4A4CAA8E80E666896C4E80E666BE2C401D5E80E666AD009E70041
:208E90000041DE04E20301C6E2C401DDD10AE7000059E801EE63E20301D6E2C401E5E80EDC
:208EA000666BE7000051E801EE62E20301E6E80E666AE2C80195D008E7000058E801EE634D
:208EB000E20300F6E2C401EDE80E666BE7000051E801EE62E2030196E2C8019DE80E666A71
:208EC000E7000059D00AE2030196E2C401F5D10CE7000051E805EE63E203019EE2C401FDE5
:208ED000E80E666BE7000058D00EE2030096CCC50038FFC252026104E801FC006F05E8019E
:208EE000F8C8E80CCCD0E2AF01C7E801D41BD11AD00DE7000041E808937BE203019CD11C94
:208EF000E2C40195D00EE302C2C7E801D41BE7000010E808937BE203009CE2C40195D11E61
:208F0000E302C2C7D00CE7000011E801EE63E203019CE2C40195E80E666BE700005877009A
:208F1000E850D200E801EE62E68E0000D00BE21300CC92C5CDC4FFEF9004FF81CAA896C438
:208F2000E2C40195E80E666AE70000507700E850D200761F02C8E68A0000D016E20300D409
:208F3000060A1E948BBE0006B2BDAABDA2BDFE02C44CD10C86A4824EC242929E41A9FFEDEA
:208F4000008D8A4293D4FFE000ABD00C500256BF01D4969492DD7648FFA496E592DD520178
:208F50006074AAA9C5A5098086A98AA9DF0528C2A55A82A7C4A7A3A7DC0192C796C492CFE9
:208F600096D292D796DA92DFC5A296E292E6DF0896EA92EE96F292F696FA92FE96C7A9A724
:208F7000A3A6DF0892C7DE09C5A6D109969A92C7A9A7D00ADF0A9692D00B92C7969292E595
:208F80007648F3A9D00C9692C5A3D00D2B92D00E2B92D00F2892A55A93C7C5A2D110979A6B
:208F9000DF1193CB97C7C5A293D3DF1297C7C5A293DBDF1397C7C5A293E3DF1497C7C5A23F
:208FA000DF16A3A7C5A28AA393EBDF1597C7A9A793F497C7C5A2DC08DF1793FB97C7C5A443
:208FB000C4A3DB09D11893C7C5A3DE0AD019979A93C7C5A6D11D9792D01A93C79792D01B75
:208FC0009692D01C2B922B9A8A422BDC2BE456BF1EEC56BF01C46F238A42D00B929452016E
:208FD000601E8D00010092925201610692C39B007648F1046F0892C39B037648F1048D004A
:208FE00001002B928A42D10A83A4D00B2B9C2B94DD0C2BD418C5FFFD18CBF9FFFE8282BE28
:208FF00086BE8BBE000688A880A9761F02939343921E5203620C5203613F5200FFE1008F4C
:209000005201616152026142FFEF00AA520461105205FFE000A59224520268072B242B1EF9
:2090100056BF0125FFEF009D0A24FFEF009A761F01CC45026D19761F0293922360069B01B4
:2090200095A99723FFEF008D2B23761F01CC1809FFDF56BF01C41A090020761F02932B1E7E
:2090300056BF01256F7D1A020020761F02932B2356BF051E6F75922260059B0195A997227D
:209040006F6F2B2256BF041E6F6B53016108761F01CC56BF04057E087D086F06761F01CCB5
:2090500056BF03057D08CDA700FF92A79708FFC79608761F029356BF031E761F01CC2809BC
:209060002E206F4E53016106761F01CC56BF50076F069A50761F01CC94A696074C026C18F2
:20907000761F0293922160059B0195A997216F382B21761F01CC1809FFDF56BF01C41A09BB
:209080000020761F02932B1E56BF01256F29761F02932B2156BF021E6F23761F01CC4B0977
:209090006C18761F0293922060059B0195A997206F172B20761F01CC1809FFDF56BF01C45E
:2090A0001A090020761F02932B1E56BF01256F08761F02932B2056BF011E6F022B1E0006DF
:2090B000761F02EF9202601D761F02E292005202FFE000B4761F00129210600AE801F4C8BF
:2090C0009A01E80CCCD07648D258FFEF00A7E801F4C89A00E80CCCD07648D258FFEF009EA5
:2090D000761F001293158F0004909214CB11FFC1FFD0CBCCFFD0CB15CAA89313CA14FFD1F1
:2090E000CBA99212CB13FFC1CAA8CA12FFC0CAD4CADCCAE4CAEC41A96D599210605192165A
:2090F000604992116041761F02F6CD290010761F02F7CC290010FFD3FFC3761F02F894A8EE
:20910000CD290010FFD3761F02F995A9CC290010FFC394A85204611E52006012761F001266
:20911000921894179419941A601F761F01FC9A01E80204001A0C02007648D2586F4E761F93
:2091200001FC9A01E80200001A0C02007648D2586F44761F01FC9A01E801FC001A0C0200B0
:209130007648D2586F3A9A00E80200007648D2586F349A00E801FC007648D2586F2E9A00E1
:20914000E801F8007648D2586F289211761F01FC1A0A02005200601F761F02F6CD290010F0
:20915000761F02F7CC290010FFD3FFC3761F02F894A8CD290010FFD3761F02F995A9CC2972
:209160000010FFC394A861099A01E80200007648D2586F031A0C01000006B2BDAABDA2BD36
:20917000FE028BA482A986A592D1601D40FA6C1D56BF01D1761F031CE2AF0000E85048000B
:20918000D015E68C0000761F02F6E2130091E2AF0000E85048007700E68C0000D016E21390
:2091900000916F0440FA6D022BD156BFD741DC10A2A95DD17648E9F392F1601ED00840923F
:2091A0006C1E56BF01F1761F031CE2AF0012E8504800D01CE68C0000761F02F7E2130091D5
:2091B000E2AF0000E85048007700E68C0000D01DE21300916F05D00840926D022BF18AA15E
:2091C00056BFD941A2A95DF1DC177648E9F3D00A9291601FD00940926C1FD00A761F031CFA
:2091D00056BF0191E2AF0024E8504800D023E68C0000761F02F8E2130091E2AF0000E85060
:2091E00048007700E68C0000D024E21300916F06D00940926D03D00A2B91D00A8AA156BF84
:2091F000DB41A2A95D91DC1E7648E9F3D00E9291601FD00A40926C1FD00E761F031C56BF18
:209200000191E2AF0036E8504800D02AE68C0000761F02F9E2130091E2AF0000E8504800E2
:209210007700E68C0000D02BE21300916F06D00A40926D03D00E2B91D00E56BFDD415D91AA
:20922000A2A9D9258AA17648E9F3FE8282BE86BE8BBE0006B2BDAABDA2BDFE048BA5834E95
:2092300082A986A40650A0447648ACD283448AA1A2A97648CC8783448AA1A2A97648E40A1C
:209240008AA1D01CA2A95D92DC707648F8B88AA1D08EA2A95D92DC7A7648F8B88D000100EE
:20925000B2A909845D928AA9A2A97648F8B88D000172B2A9098E5D928AA9A2A97648F8B86E
:209260008AA2D01C2841012D5D92DC1E7648E96BD08E2841012EAAA909905D928AA9764882
:20927000E96B8D00010028410135AAA9FF1100815D928AA97648E96BAAA9284101388D00C3
:209280000172FF12005D5D928AA97648E96BD0348AA156BFD841A2A95D91DC547648E9F359
:20929000D03E8AA156BFDA41A2A95D91DC5B7648E9F3D0488AA156BFDC41A2A95D91DC625F
:2092A0007648E9F3D0528AA156BFDE41A2A95D91DC697648E9F3D07856BFD141B2A9099810
:2092B0005D918AA9A2A97648E9F3D08256BFD241B2A9099F5D918AA9A2A97648E9F3D08CB9
:2092C00056BFD341B2A909A65D918AA9A2A97648E9F3D09656BFD441B2A909AD5D918AA993
:2092D000A2A97648E9F3D0C256BFDF41B2A909B45D918AA9A2A97648E9F3FE8482BE86BEAE
:2092E0008BBE0006B2BD80A93B019EF485A9BDA90F167700770077007700E6890009E2AF1B
:2092F00002D4E700005192A7E7200041E2AF02E4E6970001E6960011E20301C454F46618DD
:20930000761F02D7D0080606C4A51E95D10AD00E06021EE5DE4F06041EF5060C1E95D00C30
:2093100006081E9D060A1E9518C6FFFE6F419B509A64567500A79EA80EA9BDA90F167700CC
:209320007700E801E118761F02D7E68B0009E80EB850E7000040E2AF0306E70000C1D008AD
:20933000E2030195E2AF0102E7000041C4A5E20301E5E2AF0104E7000041D10AE20301F53E
:20934000E2AF010CE7000041D00EE2030195E2AF0108E7000041DE4FE203019DE2AF010AE0
:20935000E7000040D00CE20300951AC60001D00B939455F4660AD00B93945305672BD00820
:20936000E590E20300946F26D00B93949FF40EA8BDA90F12E801D419E801E11BD008E80815
:209370009379E68B0002D108E7000089E80EB853E2030194D008E2AF0194D008E69700192E
:20938000E2030194D008E2AF009CE8200000E203009492A76007D00B92946104D00B9CFF51
:209390009694D00A92946104D00A9CFF96948BBE0006B2BDAABDA2BDFE02C44CD10C86A4F4
:2093A000824EC242929E40A9FFED00848A4293D4FFE000A2D00C500156BF01D4969492DDEC
:2093B0007648FFAA96E592DD5201606AAAA982A5D01E09801EA686A98AA9DB05C5A3289216
:2093C000A55ADE20DC1F92C7C5A696C4C4A392CB96C7C5A292D6DF2196C7C5A292DEDF2252
:2093D00096C7C5A292E6DF2396C7C5A292EEDF2496C7C5A292F6DF2596C792E57648F3A97A
:2093E000D129D0269692D027C5A32B92D0282B92D02A2B9A2B92D02B2B92D02C2B92D02D9A
:2093F0002B92D02F2892A55A93C7C5A2D130979ADF3193CB97C7C5A293D3DF3297C7C5A286
:2094000093DBDF3397C7C5A2DF3493E397C7C5A2DF3593EB97C7C5A2D037D13EDF3693F3B1
:2094100097C79692D0382B92D0392B92D03A2B92D03B2B92D03C2B92D03D2B922B9A8A4278
:209420002BDC56BF1EE456BF22EC56BF01C46F238A42D00B92945201601E8D00010092922F
:209430005201610692C39B007648F1046F0892C39B037648F1048D0001002B928A42D10AB0
:2094400083A4D00B2B9C2B94DD0C2BD418C5FFFE18CBE7FFFE8282BE86BE8BBE0006B2BD37
:20945000AABDA2BDFE04A8A982A4090F1E448A448BA5864E290192C4FFC796C192C490FFEF
:2094600096C925CC1ED10ED4560100D18F40C78092DC8F00A00796E1A8428AA17648C439A2
:209470008A448F40ADC092E48F00C78896E9A8428AA17648774E92C1520B6213520B616D17
:209480005203620A5203611F52006177520161715202612B6F3D52046168520561626F387B
:209490005216620C5216614393A99DEF5301694E52146148521561426F2B521E613452FFFE
:2094A000612C6F26761F029C9222600BC544D00892C796C256BF02CAAAF256BF02926F50C1
:2094B0008AA27648F9A86F4C761F029F9232600CC5A2D10F929BD00896C756BF02CFC3F2AC
:2094C00056BF02926F3D8AA27648FB1F6F398AA383A27648F9286F3492C98F00BCC476488F
:2094D000FF236F2E8AA27648F5AE6F2A8F00ADC083A2A842764887CB6F238AA27648FB0BFA
:2094E0006F1F8AA27648FB296F1B8F00ADC083A2A842764843F76F148AA27648F9906F10CE
:2094F0008AA27648FB336F0C8AA27648FB016F088AA27648FB156F048AA27648F99CFE84FE
:2095000082BE86BE8BBE0006FE02761F02EF9207616C5201613C520261115203FFE000A8FA
:2095100076483D78761F02E79212900F5203FFE0009F7648FEFFFFEF009B761F02E7CD1293
:20952000000F530161169212900F61135303610B761F00129210FFE1008B761F02EF2B076C
:20953000FFEF0086761F02EF2B077648FEFF6F7F761F02A6E2AF0000E811FA00AD146477E9
:20954000761F02A79237520161676F71761F02A6921052016027761F00129210601E761FF4
:2095500002E7CD12000F53036110761F02FA920290075201611253026015761F02EF56BF76
:2095600002077648F5C46F0E761F02EF2B077648F5C47648FEFF6F06761F02EF2B07764819
:20957000F5C47648A8366F43761F00129211603B761F02E79212FFC3CA12900F761F0012E9
:20958000CA106035761F02A7923752016030761F02A6921052016011761F02E240056C089D
:209590000A0492045202680956BF02046F067648FF08761F02E22B04761F02E240056C1714
:2095A000920452026814761F02A6E2AF0000E811FA00AD14640C761F02EF56BF01077648F2
:2095B000FFC16F05761F02EF56BF0307FE820006B2BDAABDA2BDFE06C45082A9A8A9A0468D
:2095C000C24456BF3D418344FF1100998BA48AA9CCC50002FFC05DA9A2A97648E9F356BFCE
:2095D0003E418344B2A9FF1001398AA9CCC50004FFC15DA9A2A97648E9F356BF3F418344C2
:2095E000B2A9FF1600058AA9CCC50008FFC25DA9A2A97648E9F38A44864692C444A96C082D
:2095F000CCA9FFEF8D00014796C456BF0191B2A9D503FF1001478AA9A2A97648F411B2A9FC
:2096000056BF7A41FF1001558AA9CCC20100FFC75DA9A2A97648E9F3B2A956BF7B41FF1265
:2096100000578AA9CCC20200FFC85DA9A2A97648E9F3B2A956BF7C41FF1001638AA9CCC20D
:209620000080FFC65DA9A2A97648E9F3B2A956BF7D41FF1100B58AA9CCC200015DA9A2A9F4
:209630007648E9F3B2A956BF7F41FF1001718AA9CCC20002FFC05DA9A2A97648E9F3B2A907
:2096400056BF8041FF13002F8AA9CCC20004FFC15DA9A2A97648E9F3B2A956BF8141FF1042
:20965000017F8AA9CCC20008FFC25DA9A2A97648E9F3B2A956BFB541FF1100C38AA9CCC20B
:209660000010FFC35DA9A2A97648E9F3FE8682BE86BE8BBE0006B2BDE20304BDFE02D009E8
:209670009294FFE1008C5201FFE000A4D0089294600976807F0083A6DD051AC540001ADE74
:20968000800083A4D008DD080AC592945250FFE80091D008761F031D2B94061C761F031C35
:209690001ED4D10CD00EE2AF0112E2AF0000E6960008E20300E4E2AF00E4E2AF0124E696E4
:2096A0000008E20300E4E2AF00E4E2AF0136E6960008E20300E4E2AF02C4E2AF0394E2AF3F
:2096B00000E4E2AF049CE32401D4E27400CBE8200000E2740100770077007700E72000516C
:2096C000E71000C077007700E2740008770077007700D010E20300F4E2AF01F4E2AF0094BE
:2096D000E6940001AD146504D00A2B946F19D00A56BF0194E2AF00F4E8504800761F02860E
:2096E000E68C0000D010E213000BE2AF0094E85048007700E68C00007700E213000C06F418
:2096F000761F01FCD0091A0540001A058000761F03181E3656BF02946F1CD0089294600950
:2097000076807F0083A6DD031AC540001AEE800083A4D008DD080AC592945250680AD0085F
:20971000761F031D2B94061CD0091EC456BF0194FE82E2AF04BE8BBE0006C5A5B2BDAABDDC
:2097200056BF01C492C796CC92F5DF0896D492CD96DC92FD96E492D596EC92C7C5A496F4AD
:20973000DF0892ED96FC92E596C7A0A9C5A5D109090A1EACDF0B92C7ABA7969CA8A9090BB7
:20974000FF5A92C7A9A7D00A969492DD96C7C5A5D10CDF0992C7969CA0A9090C1EA7A0A911
:209750000912FF5A92C7A9A7D00D969492C7C5A5D00EDF0D969492C7C5A5D10FD010DF13A9
:20976000969C92C79694A0A9090E1EA7A0A909141EAC92C7ABA7D111969C92C7C5A5D1127A
:20977000DF11969C92C7C5A5D013DF109694D01492C79694A0A909171EA7A0A909161EAC31
:2097800092C7ABA7D115969C92C7C5A5D116DF0F969C92C7C5A5D017DF159694D01892C733
:209790009694A0A909181EA7A0A909191EAC92C7ABA7D119969C92C7C5A5D11ADF1A969C8B
:2097A00092C7C5A5D01BDF1B9694D01C92C79694A0A9091C1EA7A0A9091D1EAC92C7ABA751
:2097B000D11D969C92C7C5A5D01EDF1E969492C7C5A5D01FDF22969492C7C5A5D020DF250D
:2097C000DD24969492C7C5A5D121D022969C92C7969486BE8BBE0006B2BDAABDA2BDE20355
:2097D00004BDFE0482A9C45286A5C554E6CF000492C65201C344C5506019D01C2BC6929237
:2097E000520161069A149B007648F0E56F0F18C7FFFBBE00D02802002BC4D130C292D02A86
:2097F0001E92D02656BF0192A29AD02692925201604A8AA20201D028DC28560100C4FF2053
:2098000003E80F926934D0088A44E801F260E80E6668E7000101E2AF0094E6940001AD1430
:2098100062228AA20201D02ADC2A560100C4FF2001900F926628AAA98AA2D03083A2090AD4
:209820001E42DC1406927648F2399A149B007648F0E5BE00D028D1260200C292D02A1E92CE
:209830002B9A6F11D02A02001E926F0D9A149B047648F0E5BE00D028D1260200C292D02ACE
:209840001E922B9AD02C92925201602FD0088A44E801F260E80E6668E7000101E2AF0094DE
:20985000E6940001AD14621E8AA20201D02EDC2E560100C4FF202EE00F926617D130AAA94B
:209860008AA2D030A29A83A2090A1E42DC1406927648F239D12ED02C8F002EE0A89A2B92E0
:209870006F04D02E02001E92FE84E2AF04BE82BE86BE8BBE0006B2BDA8A9AABD8D00010157
:20988000FF18000186A5A2BD8BA982A48AA99A039B005D937648A4FC96C288C280A6290121
:20989000FF20FFFF0FA7612888A6FF20A55A0FA660228D0001019A038AA383A19393764878
:2098A000E6778AA392CB96DA92DADC027648F3A958DA88A9D8020E930FA6600DD000AAA98A
:2098B00088930DA08AA9D8017EE492DA9C0154A067F76F022BC28D0001009293520161083A
:2098C00088C22901FF20A55A0FA660046F582B932BC2A2A98D000101FF1800015D938BA955
:2098D0008AA99A049B007648A4FC96CA88CA80A62901FF20FFFF0FA7614288A6FF20A55AEA
:2098E0000FA6603C8D0001019A048AA383A193937648E6778AA392CB96DA92DADC02764856
:2098F000F3A958DA80A988A9D8020E930FA76026D000AAA980930DA08AA9A2A90DA07FE408
:209900008AA9D180D8017F9C93DA9D0155A067F25DDAA2A9DD020DA58AA9D080A2A97E9483
:2099100009808D0001018AA9A2A9FF18000183A99A0393937648E57A6F022BCA8D00010089
:209920009293520160032B932BCA82BE86BE8BBE0006B2BDAABDFE025AA888A929018F40C4
:20993000C4B092A2560301A9560100A583C5D06BD16B92959C05D06B969D8BA41B9501A4F7
:209940006804D06B289501A40AF1761F0010921954F1694492A27648DC2A52016135761F4B
:209950000010E2AF0116E6940008AD14632392A67648F1BE5201603BCCC1F1FF1AA90100A2
:2099600096C1FF20176E7640C493762292A229018F00C4B0560301A9560100A4029907C482
:209970008AA91AC40001761ACCC9FFEF502096C96F1ECCC1F0FF1AA9040096C1CCC9FFEF39
:20998000502096C96F14CCC1F3FF1AA9030096C1CCC9FFEF502096C96F0ACCC1F0FF1AA9CF
:20999000020096C1CCC9FFEF502096C9CCC90030FFC352026039762292A2520161165205AB
:2099A000602029018F00C4B0560301A9560100A48AC4A8A9099983A9A8A909998AA91AC58A
:2099B00000401AC400806F0D29018F00C4B0560301A9560100A4029907C48AA91AC40002D9
:2099C00029018F00C4B0560301A2560100A48AC4A8A9099983A9A8A9099B8AA91AC50001EE
:2099D0001AC40004761AFE8286BE8BBE0006B2BDAABDA2BDFE02D00F82A4D10086A58A4CE6
:2099E00092938D000117FFC74B936D7D520096C461565201613B5202611F52036067A842E3
:2099F000DA028AA383A27648722F520088A960068AA27648D916FFEF0084A2A9C5A3FF12D2
:209A0000004D8AA9560308A6DF0F969CD90192C7969CD9016F66A842DD028AA37648EC40AB
:209A1000520088A960058AA57648D9166F69A2A9C5A3FF12004D8AA9560308A6DF0F969C2F
:209A2000D90192C7969CD9016F4CA842AAA98AA3FF12008D83A97648C24C88A952006150F8
:209A3000A2A9C5A3FF12004D8AA9560308A6DF0F969CD90192C7969CD9016F33A842DA32D4
:209A40008AA383A27648DA64520088A96139A2A9C5A3FF12004D8AA9560308A6DF0F969C30
:209A5000D90192C7969CD9016F1CC5A3A2A9FF12004D8AA9DF0F289C0400D90192C7969CCD
:209A6000D9016F0FA2A9FF1100891EA7A2A9FF12004D8AA992C7969CD90192CF969CD90137
:209A7000A2A98D00013A761F02E9FF12004D1E938D00013C799356BF010156BF0102FE82AF
:209A800082BE86BE8BBE0006B2BDAABDA2BDFE02C44CD10D82A986A4929E5201601FD10D9B
:209A9000D0082B9E9292520161069A149B007648F0E56F1418CDFFF7761F0012BE00D014B4
:209AA00002002B23D11C761F02EF2B07C292D0161E92D01256BF0192A29AD01292925201A8
:209AB000604A8AA20201D014DC14560100C4FF2003E80F926934761F02E7E801F260E2AF3C
:209AC0000100761F031DE80E6668E7000041E2AF030CE6940019AD14621E8AA20201D0165B
:209AD000DC16560100C4FF2001900F9266248AA2D01C0692DC067648FF7D9A149B007648BB
:209AE000F0E5BE00D014D1120200C292D0161E922B9A6F11D01602001E926F0D9A149B047A
:209AF0007648F0E5BE00D014D1120200C292D0161E922B9AD01892925201602F761F02E721
:209B0000E801F260E2AF0100761F031DE80E6668E7000041E2AF030CE6940019AD14621A67
:209B10008AA20201D01ADC1A560100C4FF202EE00F926613D11C8AA2D01CA29A0692DC0609
:209B20007648FF7DD11AD0188F002EE0A89A2B926F04D01A02001E92FE8282BE86BE8BBE20
:209B30000006B2BDAABDA2BDFE02C44CD10C82A986A4929E5201601FD10CD0202B9E9292DC
:209B4000520161069A149B007648F0E56F1418CDFFEF761F0012BE00D02C02002B24D13462
:209B5000761F02EF2B07C292D02E1E92D02A56BF0192A29AD02A92925201604A8AA2020113
:209B6000D02CDC2C560100C4FF2003E80F926934761F02E7E801F260E2AF0100761F031D7E
:209B7000E80E6668E7000041E2AF030CE6940019AD14621E8AA20201D02EDC2E560100C423
:209B8000FF2001900F9266248AA2D0340692DC1E7648FF849A149B007648F0E5BE00D02C51
:209B9000D12A0200C292D02E1E922B9A6F11D02E02001E926F0D9A149B047648F0E5BE00A7
:209BA000D02CD12A0200C292D02E1E922B9AD03092925201602F761F02E7E801F260E2AF95
:209BB0000100761F031DE80E6668E7000041E2AF030CE6940019AD14621A8AA20201D03252
:209BC000DC32560100C4FF202EE00F926613D1348AA2D034A29A0692DC1E7648FF84D132CE
:209BD000D0308F002EE0A89A2B926F04D03202001E92FE8282BE86BE8BBE0006B2BDAABD89
:209BE000FE305DADDDA088A55DADD2002901DDB05DA52BACD000F61F2B86F60F2B855DADC2
:209BF000560301A01EA728ABFFFFDDB088A507A483A928AAFFFF7896A9A90FC5610A88AD90
:209C0000DEA088A606A7560100A6A3C5A9C66F1188AD560301A01EA783A9DEA088A6A8A97A
:209C1000560100A506A7560100A63100AAC5A9C6D80192A0521068D4D00029019A0194A00D
:209C20005DA95210672888ADDEA080A688ADDEA088A6560301A0560100A7560301A5560125
:209C300000A606C70FC6691359AD5AADD9B00EA1DAB00DA58BA90EA286C6A3C7A9C60DA019
:209C4000AAC71EA793C192C796C197C7DD0192A5521068DAD80192A0521068D180682901FB
:209C5000560301A707A41EA629015DA7D000A3C6DD0192A552106802D500560301A507A4BD
:209C60001EA6A9A90FC6660809140FC6680580A5A3C628AC0001D80192A0520868EA9A0177
:209C70009B01D02594A795A79694560301A852206803D0252B94D1209A00D022A99C93AC0E
:209C8000A99460029A01FEB086BE8BBE0006B2BDAABDA2BDE20304BDFE0482A9C452E6CF76
:209C9000000486A5C5568B5092D65201C344C554601AD00A2BD69292520161069A149B0038
:209CA0007648F0E56F1018C1FFEF0200D0162BC7BE00D11E2BC41E92D018C292D01456BF70
:209CB0000192A29AD0149292520160468AA20201D016DC16560100C4FF2003E80F9269305E
:209CC000D0088A44E801F260E80E6668E7000101E2AF0094E6940001AD14621E8AA20201E6
:209CD000D018DC18560100C4FF2001900F9266248AA2D01E0692DC087648FF6F9A149B0097
:209CE0007648F0E5BE00D016D1140200C292D0181E922B9A6F11D01802001E926F0D9A1451
:209CF0009B047648F0E5BE00D016D1140200C292D0181E922B9AD01A92925201602BD00822
:209D00008A44E801F260E80E6668E7000101E2AF0094E6940001AD14621A8AA20201D01C95
:209D1000DC1C560100C4FF202EE00F926613D11E8AA2D01EA29A0692DC087648FF6FD11CFF
:209D2000D01A8F002EE0A89A2B926F04D01C02001E92FE84E2AF04BE82BE86BE8BBE0006E4
:209D3000B2BDAABDA2BDE20304BDFE0482A9C452E6CF000486A5C5568B5092CE5201C34461
:209D4000C554601AD00A2BCE9292520161069A149B007648F0E56F1018C1FFFD0200D016A7
:209D50002BC7BE00D11E2BC41E92D018C292D01456BF0192A29AD0149292520160468AA284
:209D60000201D016DC16560100C4FF2003E80F926930D0088A44E801F260E80E6668E7001D
:209D70000101E2AF0094E6940001AD14621E8AA20201D018DC18560100C4FF2001900F9279
:209D800066248AA2D01E0692DC087648FF769A149B007648F0E5BE00D016D1140200C292B5
:209D9000D0181E922B9A6F11D01802001E926F0D9A149B047648F0E5BE00D016D114020055
:209DA000C292D0181E922B9AD01A92925201602BD0088A44E801F260E80E6668E700010178
:209DB000E2AF0094E6940001AD14621A8AA20201D01CDC1C560100C4FF202EE00F92661341
:209DC000D11E8AA2D01EA29A0692DC087648FF76D11CD01A8F002EE0A89A2B926F04D01CBD
:209DD00002001E92FE84E2AF04BE82BE86BE8BBE0006B2BDAABDA2BDFE028BA4A0428750FC
:209DE000824E864C8A422FA927A8D04F44946D3792AB29018F40C4B0560301A9560100A50A
:209DF000029407C58AA941C46C0492AB5201612192AB8F40C4B0560301A9560100A5029422
:209E000007C58AA942C46C0492AB5203611292AB8F40C4B0560301A9560100A5029407C5E7
:209E10008AA946C46C0C92AB52076103520560077648C1848A42DC4F1AC40010761F02A6A0
:209E200092105201605692AB29018F40C4B0560301A9560100A5029407C58AA941C46C04C4
:209E300092AB5201612192AB8F40C4B0560301A9560100A5029407C58AA942C46C0492AB39
:209E40005203611292AB8F40C4B0560301A9560100A5029407C58AA946C46C1192AB520709
:209E500061035205600C0AC392AA54C3660457C31AC2000192AB7648C1846F1B92C26019B3
:209E6000761F02EF92075201610E52026105520060102BC16F0EABA4DC291AC4001056BFC5
:209E700002C16F07ABA4DC291AC4001056BF01C1FE8282BE86BE8BBE0006B2BDAABDFE0257
:209E800086A443C26D0306E21EF241C26D2BD012E2AF00D2E2AF0192E7100040D012E20329
:209E900000D2E2AF0092E5A0AD146509E2AF00E2E2AF01D2E6940001AD14630FD012E2AF11
:209EA0000092E5A0AD14637AE2AF00E2E2AF01D2E6940001AD14627206F51ED206F51EE220
:209EB0006F6DD00ED110E2AF03F2E2AF0192E3220A9AE695001BE7000051D008E70000C84F
:209EC000E2AF03E2E7200018D116E2030092D008E2AF019AE2AF0092D008D114E696000827
:209ED000E2030092D018E2AF0192D008E2AF0092D008E6970008E2030092E2AF029AE811FA
:209EE000FC02AD14600DD008D120E2AF0092D00CE2AF029AE2AF01927648EF1F6F09D10800
:209EF000D00CE2AF009AE2AF01927648F580D00CE203009242C26D05D00C06921ED26F1E3A
:209F0000D012E2AF0092E5A0AD14650AD00AD10CE2AF0192E2AF009AE69700086F09D00AAA
:209F1000D10CE2AF0192E2AF009AE6960008D10AD00AE203009A06921ED2FE8286BE8BBEB8
:209F2000000658A99294FFC75260621C5260615D5220620F522061385200FFE10089520192
:209F3000FFE100815202612252106125FFEF0088523061335240613A5250613D52516140B4
:209F40006F7E52A0620C52A061595261614352706146528061495290614C6F7152B06153A7
:209F500052C0615652D061596F6A92A07648EE6D58A96F6992A07648AFBB761F02FD58A960
:209F60001A2900026F6092A07648FA29761F02FD58A91A2900046F5792A07648E8E1761FCA
:209F700002FD58A91A2900086F4E92A07648F9C058A96F4992A07648DA2258A96F4492A095
:209F80007648EB7458A96F3F92A07648E93D58A96F3A92A07648EBC658A96F3592A07648FF
:209F9000CEBA58A96F3092A07648E04958A96F2B92A07648F21B58A96F2692A07648ECB4B2
:209FA00058A96F2192A07648E76A58A96F1C92A07648D45E58A96F1792A07648FA3458A97B
:209FB0006F1292A07648C93658A96F0592A07648E90F58A9761F02FD40296C03D0816F0394
:209FC0001A29000192A00006B2BDA8A9AABD8D00010186A4FF180001A2BD8AA982A59A01B9
:209FD0009B005D927648A4FC8D00010096C39292520160022B9288C32901FF20A55A0FA6C4
:209FE000602AAAA98D0001018AA2FF18000183A99A0193927648E6778D00010092925201A5
:209FF0006117D000A2A988920DA08AA9D80192A052807EDC68F88AA37648DAA55200610B05
:20A0000088C32901FF20A55A0FA660066F572B922BC36F022BC3AAA98D000101FF180001C8
:20A010005D928AA99A029B007648A4FC8D00010096CB9292520160022B9288CB2901FF2058
:20A02000A55A0FA6603AAAA98D0001018AA2FF18000183A99A0293927648E6778D00010016
:20A03000929252016127D000AAA90DA01EA7A2A90DA08AA992C796DCAAA90DA08AA9D18002
:20A04000D80192C7969C92A0528068EF8AA37648DAA552006112AAA98D00010109808AA974
:20A05000AAA9FF18000183A99A0193927648E57A6F052B922BCB6F022BCB82BE86BE8BBE21
:20A060000006B2BDAABDA2BDFE0A9B0195A98BA596435BA8C454A848A8A90DA309801EA760
:20A07000C24AD50092D996C792E16111B2A988A50DA58AA992A372A606480DA609801EA739
:20A08000DD0192EC96C792A554E168F1064888E1098086A90DA38AA992A67648F3A958E125
:20A0900093A388A973A00648FF1800011E4606487E925CE1098086A9DC017C418AA90648FE
:20A0A000FF1001011EA793A392C796429A0083467648DF965DE19A0093A38A48DD01764851
:20A0B000CE1C88A95201601892E19C0196410648FF1001011EA78AA293A392C796429A0072
:20A0C00083467648DF965DE19A0093A38A48DD017648CE1C88A99243560301A95DA992A6D7
:20A0D00061155201602606481EA6FF1001011EA792C7964106A6FF1800018AA9FF200000F3
:20A0E0007648B84C8A4A2BC46F1406481EA6FF1001011EA792C7964106A6FF1800018AA949
:20A0F00028A9A55A9B007648B84C8A4A28C4A55AFE8A82BE86BE8BBE0006B2BD56BF01DCA8
:20A10000E801D418D10856BF0BE4D00956BF01EC28F403E8E808937828FC03E8289C03E8F2
:20A11000D10F289403E8D00A289403E8D00B289403E8D00C289403E8D00D289403E8D00EC0
:20A12000289403E82B9CE2C401F4D01AE7000040D11CE2030094E801D418D008E2C401FC4F
:20A13000E8089378E7000041E801D418E8089378E203019CE2C40194D109E7000040D01E70
:20A14000E2030094E801D418D00AE8089378E2C4019CD120E7000041E801D418E8089378B0
:20A15000E203019CE2C40194D10BE7000040D022E2030094E801D418D00CE8089378E2C472
:20A16000019CD124E7000041E801D418E8089378E203019CE2C40194D10DE7000040D0269D
:20A17000E2030094E801D418D028E8089378E2C4019CD10FE7000041E801D418E808937873
:20A18000E2030194D00EE2C40194D02AE7000041E801EE60E2030194E2C8019CE80E66684E
:20A19000E7000040D02CE20300948BBE0006B2BDAABDD1B8C448E801C688E80DB8B886A493
:20A1A000E2AF01C6E850B209E592E7000040D0FCE2030092D0FEE2030292409A6D6AD0D8D3
:20A1B00040926D54D0B440926D3ED0EE40926D218D0001D040926D0AD0F68D400100E801B9
:20A1C000FC002B92E203009A6F66D1F6D09FAAA9E801EE6056BF059AE2C40195FF180001AA
:20A1D000E80E66688AA9E70000407648F4446F53D1F6D084AAA9E801EE6056BF049AE2C49B
:20A1E0000195FF180001E80E66688AA9E70000407648F444D0EE41926C3ED0F2D1FC06923B
:20A1F0001E9A6F39D1F6D081AAA9E801EE6056BF019AE2C40195FF180001E80E66688AA952
:20A20000E70000407648F4446F26D1F6D08DAAA9E801EE6056BF039AE2C40195FF180001D8
:20A21000E80E66688AA9E70000407648F4446F13D1F6D076AAA9E801EE6056BF029AE2C4AA
:20A220000195FF180001E80E66688AA9E70000407648F44486BE8BBE0006FE02761F02E54D
:20A2300092125201FFE0008CE2AF0100E6940008AD146516E2AF0108E6940008AD1462100D
:20A24000761F0315E2AF012AE8120901AD146408761F01FC1A0400021A0402006F07761F87
:20A2500001FC1A0200021A020200761F02E5E2AF0100E6940008AD146516E2AF0104E694D9
:20A260000008AD146210761F0315E2AF012AE8120901AD146408761F01FC1A0480001A04BB
:20A2700000806F07761F01FC1A0280001A020080761F02E5E2AF0102E6940008AD14651640
:20A28000E2AF010AE6940008AD146210761F0315E2AF012AE8160901AD146208761F01FC3F
:20A290001A0400081A0408006F07761F01FC1A0200081A020800761F02E5E2AF0102E69488
:20A2A0000008AD146516E2AF0106E6940008AD146210761F0315E2AF002AE8160900AD14DD
:20A2B0006208761F01FC1A0420001A0400206F07761F01FC1A0220001A020020FE82000610
:20A2C000B2BDFE0283A4D144D045DD4F18C5FFFD56BF019C8F40B5D256BF0394E2AF01C5AE
:20A2D000E6940008AD146559E2AF01D5E6940008AD146548E2AF01E5E6940008AD146537C0
:20A2E000E2AF01F5E6940008AD146526D008E2AF0195E6940008AD146514D113D04756BF3E
:20A2F000019C761F02D756BF0294D1450610D010761F02A61ED456BF019C06081E946F3745
:20A30000D113D047761F02D756BF019C56BF0194060E1ED46F2CD113D047761F02D756BF59
:20A31000029C56BF0194060E1ED46F21D113D047761F02D756BF039C56BF0194060E1ED482
:20A320006F16D113D047761F02D756BF049C56BF0194060E1ED46F0BD113D047761F02D7E7
:20A3300056BF059C56BF0194060E1ED4C5A4D0122901DF1392C7C5A48F40B6429694D04677
:20A34000DF4792C79694D01206D41EC492949CFF560301A9560100A5D01406C5FE821E9415
:20A350008BBE0006AABD2BAC29015AA9A2BD8248560301AC27A992AC560301A907A58EA910
:20A3600092AC560302A907A409021EA792AB560301A907A31EA6E2C400C09A0194ABE2AFA1
:20A3700001C6560301A907A3E70000081EA6E20300C7E2C400C8E2AF01C6E70000087700CE
:20A38000E8B048007700E68A0000BE00E20300D78ED7563328AB0006566100A6565100A011
:20A3900092AC9C012DA993ACA9D7530668C292A2613993A99DFF5301691D520361139CFCD9
:20A3A0005201663A83A492A29CFE560302A9DD0207A51EA7560302A2560100A5F6032485C6
:20A3B0006F2B83A4DD02C5A5DD10DF08F60724856F239CFF83A4560302A9FF5A9A0194A287
:20A3C000DD02560302A9565700A507A51EA6A9A7A0A90908F60324861EA7DD10F607248533
:20A3D0006F0BC5A4DF02C4A7DE08F607248683A7DD10F6072485D02756BFC89482BE86BE08
:20A3E0000006B2BD27A9D0792901C4A45603019483A407A41EA7D079DE7AE2AF02C6E2AF2D
:20A3F00001C7E7200051DD7AE20301C6E2AF01C5E7100009C4A4E20301C55603019407A427
:20A4000083A9DE79D078D179E20300C50AC69394559C6603D0792B94D078E2C40094D17A57
:20A41000E2AF019CE274000877007700D17CD079E203009C8094E59392AB54A7661393A724
:20A420009FAB88A8290193A755A6693592A6560301A907A483A9DE01E2AF02C5E710009BCA
:20A430006FF393A7BE00610F290192A6560301A907A483A9DE0193A7E2AF02C555A6E710A3
:20A44000009B66F4D078929493A99FAB95A788A893A955A66910290192A6560301A907A4E7
:20A4500083A9DE01D07893A6E2AF02C55594E710009B68F30EABBDA90F127700770077008D
:20A460007700E68B000077007700E2740018770077007700D07EE20300948BBE0006B2BDAE
:20A47000FE0ED009761F02E7E801FC61E801E1189295D11ACD12FEFF9001E80E6669D01A13
:20A48000FF878354E80EB850CAA89612E2AF029CE697000AD11AE2030294D01AE2AF01941B
:20A49000D01AE6960001E805F8C8E2030194E801F8C9D01CE80CCCD0069CE80CCCD1D11CD8
:20A4A0001E4EE2AF0294D01CE697000AE2030294D01CE2AF0194D01CE6960001E203019426
:20A4B000D01E069C1E4CE2AF0094E5A0AD146313E825FC00D01EE805F999D11EE2030094D3
:20A4C000E8099999D01EE2AF009CE6970008E20300946F15D01EE801F998E2AF0194D11E3F
:20A4D000D01EE831FC01E8099998E2030194D01EE2AF019CE6960001E2030194D01E069431
:20A4E000E801D4185CAD1E4AD01EE2AF01C5E8089378DC8EE850680AE20301489A00C495A1
:20A4F0009B065CA4E7000080C246E20300447648F88BFE8E8BBE0006B2BDAABDA2BDFE02C2
:20A50000D0097680730059A85BA986A47D414B966C0BFF200F9E1AD600207640C493761F36
:20A5100001CC4B096D6B924152016106761F01CC56BF50076F069A50761F01CC94A3960742
:20A520004C026C14FF2007CE7640C4938F0073004CD46C0CDC09761F01CC18C4FFDF9A0017
:20A5300056BF01C21A0900206F50924152016108761F01CC56BF02057B0879086F06761F16
:20A5400001CC56BF01057908FF2007CE280926207640C4938D40730042D16D12FF2007CE54
:20A550007640C493761F01CC42026D0AD90918C1FFDF9A0056BF01C21A0900206F26761F49
:20A5600001CC56BF0205FF200F9E28092C207640C493761F01CC45026D09FF2007CE7640D3
:20A57000C493761F01CC45026C091A02002088069206560308A994A66F081809FFDF9A00A0
:20A5800056BF01C21A090020FE8282BE86BE8BBE0006B2BDA2BDFE0282A98D7FFFFF274BD8
:20A590002F4A58497622FF58610D02010FA3610376256F0E761F174D8D45E7401A0C0002E9
:20A5A0006F07761F174D8D45E7001A0C0001C5A1C4A1DF14DE141AC700011AC60002CCC14B
:20A5B000FFF0500596C1CCC1FF1F505096C1CCC10FFF1AA9500096C192A5600683A1768092
:20A5C000A000DD24C2C592A461135201610552026109520560128AA18F40A000DC28A0C467
:20A5D0006F0C8AA18F40A001DC28A0C46F068AA18F40A002DC28A0C49B0128AC000192ABC6
:20A5E00095AA72AC33A80EABBDA90F120EA0BDA90F167700FF690201E68B0000E68B0009DD
:20A5F0001E42A2A9E27400087648BA7DCCC1F8FF1AA90A0096C1CCC1FFF8500A96C1761AE0
:20A600008AA1DC1406C49B009003FF5861FAD914B60206C1BE009B0090030FA76002BE0146
:20A61000FE8282BE92A68BBE0006B2BDFE028BA492D190075201FFE00081D0290AC19291B1
:20A6200054C16939761F02F6E2AF000A761F0318E7100000E2AF0100E6940001AD14632B38
:20A63000761F02F7E2AF000A761F0318E7100000E2AF0108E6940001AD14631D761F02F855
:20A64000E2AF000A761F0318E7100000E2AF0110E6940001AD14630F761F02F9E2AF000A3D
:20A65000761F0318E7100000E2AF0118E6940001AD146443761F02F6180EFFFE761F02F778
:20A66000180EFFFE761F02F8180EFFFE761F02F9180EFFFE8F00AA00761F02F62B0C761FC0
:20A6700002F72B0C761F02F82B0C761F02F92B0C761F02F62B0D761F02F72B0D761F02F8F3
:20A680002B0D761F02F92B0D7648F4768F00AAC07648F4768F00AB807648F4768F00AC4014
:20A690007648F4768AA17648F87B761F0293CCD1FFF8500296D12B1CFE828BBE0006B2BD2A
:20A6A000C4A4AABD28AC00182901A2BD82A4864ADC03B600DE0756BF7ECB06D5562296C4DB
:20A6B00092DD90FF96CC06D5FF4790FF96D492D590FF96DC06E5562296C692ED90FF96CE77
:20A6C00006E5FF4790FF96D692E590FF96DEA2A90DA7DF018AA9D00C92A752102B9468F82C
:20A6D000D0089292613ED00B9A8056BF0193761F02E994C596D3920152016010D0088AF245
:20A6E00092927648F3A9D0088AA283F25892761F02E9DC0896950AC42B01D00A8092D1082B
:20A6F0005603019A88A9560304A754A6671292A65210690F92A76108527F610E8AA383A268
:20A700007648D65A6F1E8AA383A276488A4D6F19D00A56BF7F928AA383A27648D0416F11AE
:20A710009A80D01C94C5D10B96D356BF0193D01D56BF0193D02056BF01932B9B56BF0DC302
:20A72000D01F56BF7F9382BE86BE8BBE0006B2BD2FA992CC27A8903060790ADC1BDC07D06F
:20A73000687D761F01FC1A0200201A0200801A0220001A02800076225301611C5305602D94
:20A7400092AB29018F40C4B0560301A9560100A583C5A0A909991EA7A0A909991EA6A0A960
:20A75000099983A91AC700401AC600801AC500016F1492AB29018F40C4B0560301A9560133
:20A7600000A583C5A0A909991EA6A0A9099983A91AC600021AC50001761A2BDCCCCCFFDF57
:20A77000501096CC92AA61165201610F52026108520360141A0408001A0420006F0F1A040B
:20A7800002001A0480006F0A1A0400081A0400206F051A0400021A04008029018D40C4B09F
:20A79000560301AB560100A1026B07C18AA9FF20018E56BF14C47640C4937622029707C1A3
:20A7A0008AA91AC40004761A6F09CCCC0030FFC35201600492AA76487FD38BBE0006B2BD31
:20A7B000AABDA2BDE20304BDFE0482A4D10CE6CF00048650929B41A98BA56D1BD01AE2AF3F
:20A7C0000093E6940004AD14651140A96C0FA2A9A242DC0CDD0409241E447648D4A7D01A23
:20A7D00006931EC2E20304D26F04D02602001E93D02E41936D1ED03CE2AF0093E69400040E
:20A7E000AD146314D02E40936C11A2A9D904A2428AA3094483A11E44DC2E7648D4A7D03C78
:20A7F00006931EC2E20304D26F04D04802001E93E2AF00D3E6940004AD146430E2AF00E32C
:20A80000E6940004AD14622A0201560100C3D00CCC930002C4C3FFC0610306A66F0202004A
:20A81000D02A0F936614D02E809392A7FFC09001610306A66F020200D04C0F936911BE00FF
:20A82000D02ECCA7FFFDC2C396936F0A8AA302001EC3DC0C18C4FFFD6F0302001EC3FE84DD
:20A83000E2AF04BE82BE86BE8BBE0006FE02761F010240156D1A761F0315E2AF002A761F71
:20A8400002E5E2AF010CE6950000E6940008AD1464737648C498761F00121A110002761F5B
:20A8500002EF56BF03076F687648C498761F00120A231A110001761F02EF56BF0307761FAD
:20A8600000122B247622761F01021A190001761F01061A190001761F010A1A190001761FDA
:20A87000010E1A190001761F01121A190001761F01161A190001761F011A1A190001761A55
:20A88000761F02A6E2AF0100E5A1AD146509E801EA60E80E6668E6940001AD14641DE80197
:20A89000F730E80B3330E6940001AD146509E801F860E80E6668E6940001AD14640DE801E6
:20A8A000FB98E8099998E6940001AD14650FE811FC01AD14630B761F00121B2703E86804CE
:20A8B000282703E86F090A276F07761F0012922761039CFF9627FE820006AABDA2BDFE06C3
:20A8C00088ADDE8688A683A476C8351CD061F60524865A9588A9DA0193A253106802D20056
:20A8D0002BAB2BAA9A062DA236A907A58AA9D0629394CCA803FF5CA6FFDD80A80EA90FA451
:20A8E000600393A76116DA0193A253106802D20092AA9C012FA993AA531068E593AB530165
:20A8F000610A8AA5DD61DC607648F63292AB6F4928AB00015CAD9A062DA236A9DC8607A520
:20A900005CA409621EA7BE0092AAF6052484611A93A2610458A2D8816F02D00F9A062DA045
:20A910008AA5D30636A92DA2DC625AA007A41EA736A3560100A4DE0192AA54A6F60524843D
:20A9200066E88AA5D060DC600AC4929552106803D0602B958AA5D061DC610AC49295521088
:20A930006803D0612B955CADD06128AC00063095DC8607A580A409628AA992ABF605248422
:20A94000FE8682BE86BE0006B2BDFE0292CDCDC4FFFEC4489001CAA840A996C46C79E8016D
:20A95000D418E2C401D5E8089378E7000040E2AF03C6E7000019E801E11AE20301F4E2C89B
:20A9600001DDE80EB852E70000507700E5A0AD146404E801FC016F03E805FC01E2AF02F4D4
:20A97000E32043C6E720009977007700E2740042D10AD00CE801EE63E80E666BE20302D422
:20A98000E203009CE801EE62E2C400E5E80E666AD110E7000019E805D41BE2030194E2C4CF
:20A9900001EDE808937BE7000050D00EE2030094E2C401FDD008E7000058E2AF02C6E70032
:20A9A0000011E801E11BE203019CE2C80195E80EB853E70000587700E5A0AD146404E80191
:20A9B000FC016F03E805FC01D010E2AF02C6E3204194E710008977007700E27400417700A1
:20A9C0007700D114D012E203019CE2030094FE828BBE0006B2BD88A9AABDA2BD7648F50A4C
:20A9D00086A4D02980925BA8CCA7000F604344A76C0F761F02E6930253016106DC1092A6B3
:20A9E000764870006F05D01ED11C06921E9A40E26C22761F02FA920290075201611C92A319
:20A9F0005201605B8AA2D028DC280AC49292520A6854D0288AA22B92D129D00CDC0E18C48A
:20AA0000FFFE2B92D00D2B92D029CC9AFFF0500296926F438AA2D00CD129DC0E18C4FFFEA3
:20AA10002B92D00D2B92D029CC9AFFF0500296926F34D0299292CDA9000F5302602ED00E01
:20AA200040926C2B761F02FA9302910753026021E801FA89D11CD01CC5A2E80F5C29761F5C
:20AA300002E1E7000008DC26CCA9FFF0E203009AC492DF20D01ED129C292D021931A97C7C2
:20AA40002B92D0242B92D0252B9218C4FFF8969ACCE2FFF8500196E282BE86BE8BBE000692
:20AA5000530327A9620A5303611F5300617B5301616A530261096F655304612653056141C5
:20AA60005306614F6F5EA8A9B6040DA58AA992AB72A77680BEC006A60DA71EA6C5A4DD02DA
:20AA7000F60124866F5FA8A9B6040DA58AA992AB72A77680BEC006A60DA71EA6C5A4DD042F
:20AA8000F60324866F4FB60472A78D00BEC028AA00043AA90DA71EA6A8A90DA51EA793A546
:20AA900073AAA8A90DAAF6032486BE0A1EA792AB72A63AA90DA68EA9DD06F60124806F3210
:20AAA000A8A9B6040DA58AA992AB72A77680BEC006A60DA71EA6C5A4DD06F60524866F2236
:20AAB000A8A9B6040DA58AA992AB72A77680BEC006A60DA71EA6C5A4DD08F60724866F1232
:20AAC000D5816F10A8A9B6060DA58AA992AB72A77680BEC006A60DA71EA6C5A4DD02F60182
:20AAD000248692A50006B2BDAABDD10086A48D000117A2BD82A54B926D5492F2DC0F9CFFDB
:20AAE0007648E6A8761F02B45201960061208F00BF8092CCDC027648E6A8761F02B4520161
:20AAF00096006105761F02E61A000020AAA9FF12004D8AA98F40BF80289C0200D90192D59A
:20AB0000969CD90192DD969CD9016F3C8F40BF80D40028C5A55A92F29CFF96CDAAA9D0028E
:20AB10000DA41EA792A472A0DC01DF0F92C7969592A4527E68F48D40BF808AA192F29CFF60
:20AB2000DC027648F3A988A958F2AAA9FF10011786A9D8027E911ACB00421AC200016F213C
:20AB3000AAA9FF1100891EA7AAA9FF12004D8AA992C7969CD90192CF969CD90192D7969C03
:20AB4000D901AAA98D00013A761F02E9FF12004D1E928D00013C799256BF010156BF01026E
:20AB500082BE86BE8BBE0006C4A4B2BD8AA5AABD86A583A6DC3EC5A492D6DD0396C7C5A5BF
:20AB600092C796CC92CD96D492D596DC92DD83A6DD07C5A596E492C796EC80CD7FF480D528
:20AB70007FFCC5A4D01CD10992DDDF0896C756030796D01D969CD1099396917FD00B95A927
:20AB8000979C92965201601D8AA6D01DDC1D0AC49296527F6903D01D2B96D50006A628AB3F
:20AB9000000A0DA51EA792A572ABAAA9DF0C0DAB8AA9D03EDD0192C7969492A5521068EF48
:20ABA00059C683A2D98392A1DD3E8AA57648FCC3C5A6D01E8AA2DF1E969692C7DC02969DE3
:20ABB000C5A4D90192CEDC0196C792A17648EB4BD01F9B0127A92F9695AB579D59A89A0290
:20ABC00094ABD020579F96CA9296520161047648FFC66F06D121D01D56BF019E2B96D07A7A
:20ABD00056BF019286BE8BBE0006B2BDA2BDFE0282A4D0CCC44A93936022D0269293900138
:20ABE000D0CC94A89693A2A9D05809CC8AA992939001D08AFF8072C4A2A909CC8AA992939C
:20ABF0009001D0BCFF8172C4A2A909CC8AA992939001D0CCFF8272C492936153D0CC93937B
:20AC000092A8FFC25201613C92A8FFC15201612792A8FFC052016112530160438AA3C2428D
:20AC1000DC027648B6F1D12688A9A2A909CC8AA9D0267E9B9293C0C46F348AA3C242DC34CA
:20AC20007648B6F1D15888A9D058A2A909CC8AA97E9B560301939C01C0C46F238AA3C242F0
:20AC3000DC667648B6F1D18A88A9D08AA2A909CC8AA97E9B560302939C03C0C46F12A2A92E
:20AC4000C24209988AA97648B6F1D1BC88A9D0BCA2A909CC8AA97E9B560303939C07C0C4EB
:20AC5000FE8282BE8BBE0006B2BDAABDA2BDFE0888AD86A4DE8788A628AC00182901D10BB6
:20AC6000F6062B86C4A4D000DC0356BF7ECADE0756BFF1D206D5562296C492DD90FF96CCE9
:20AC700006D5FF4790FF96D492D590FF96DC06E5562296C692ED90FF96CE06E5FF4790FF51
:20AC800096D692E590FF96DEBE0056BF019AD11C56BF019AD11D56BF019A5CAD28AB000643
:20AC9000DC870EA40DA61EA792A674ABA0A90DAB8AA993FC92A88AA2DE01FFC797C7DC0CAC
:20ACA0009694D80192C790FF969492A6D801520768E58D000117CC95020082A2FFC85CADCC
:20ACB000FF86DB0C72C3A0A9FF10011783A9DC875CA492A618C5FDFF7648F3A9D12093A94C
:20ACC000D00EFFD790FF9793D00F9693D01F56BF1DC256BF7F92FE8856BF019A82BE86BE3C
:20ACD0008BBE0006B2BDFE02A8AC8BA5FF5ADC0A8F40C700CCF90002FFC09641CCD100044F
:20ACE000FFC19642A9A97648E79A560302A9D008ABA49007CDD1FFFB8F40C712CAA8DC7C5F
:20ACF00096D1CC910002FFC09641CCD90004FFC19642A9A97648E79A560302A9D0099007A2
:20AD0000CDD9FFFB8F40C724CAA896D9CC910002FFC09641CCE10004FFC19642ABA909EE6F
:20AD10008AA9A9A97648E79A560302A9D00A9007CDE1FFFB8F40C736CAA896E1CC9100022E
:20AD2000FFC09641CCE90004FFC19642ABA9FF15000B8AA9A9A97648E79A560302A990075A
:20AD3000ABA4CDE9FFFBCAA896E97648C7D6DC727648C7D6ABA909E48AA97648C7D6ABA9EC
:20AD4000FF1100AB8AA97648C7D683A18F00B986A9A9A842ABA47648C6CAFE828BBE000610
:20AD5000B2BDAABDA2BDFE02761F001242108BA46D70B2A9FF14001982A983A9B2A9FF1160
:20AD600000B386A98AA97648BFF08AA1DC027648D9168AA27648F9E4B2A909E08AA976489F
:20AD700080BB8AA37648C98D8AA27648DD2983A37648537E8F00B9C083A2764888A1761FF9
:20AD800002E7E801DD19E801EBABE2AF0004E80EB851761F02E2E84FA000E80E147BE2031E
:20AD90000010E2AF0210E7000089E590E2030112E203000EE2AF0110E70000587700E203E3
:20ADA000001456BF28172B168F40B89A76C0B88EF60B248577008F00B8A6F60B2484761F01
:20ADB00000128F40B8B2F60B248540106D127648FA13B2A98AA1FF1400191E42B2A9DC3279
:20ADC00009E383A97648A46F7648FEED7648D95AFE8282BE86BE8BBE0006B2BDFE0293CCCF
:20ADD00092A8FFC3900F613152026071D024E80200C8E2AF0195E80CCCD0E7100040E2AFEC
:20ADE00001D4E6940001AD146462D022E80200C8E2AF0295E80CCCD0E72000107700E69418
:20ADF0000001AD14625483A4D00AD10CDD0C0AC52B94D00B2B94929C52026849CCA8FF0F27
:20AE0000D00C96CC2B946F43D022E2AF00D4E2AF0195E6940008AD146325D024E2AF01951F
:20AE1000E6940008AD14621783A4D00CD10ADD0A0AC52B94D00B2B94929C52026828CCCCCF
:20AE2000FF0F761F02C1D00A502096CC06F41E182B946F1DD00AD10B2B94D00C2B942B9CAE
:20AE30006F1683A4D00AD10BDD0B0AC52B94D00C2B94929C5202680BCCCCFF0F761F02C19C
:20AE4000D00B502096CC06F41E182B94FE828BBE0006B2BD92DC52016077E801D418E801C2
:20AE5000D41BE2C401F4E801D41AD01AD11CE8089378E808937BE7000040E808937AE203A8
:20AE60000094E2C401FCD008E7000059E801D41BE203019CD109E808937BE2C40194D01E28
:20AE7000E7000050E801D41AE2030094E808937AD00AE2C4019CD120E7000059E801D41B18
:20AE8000E203019CE808937BD10BE2C40194D022E7000050E801D41AE2030094E808937AA5
:20AE9000D00CE2C4019CD124E7000059E801D41BE808937BE203019CD10DE2C40194D026E7
:20AEA000E7000050E801D41AE808937AE2030094E2C4019CD028E7000059D10FE203019439
:20AEB000D00EE2C40194E801EE63E7000051D02AE2030194E2C8019CE80E666BE700005836
:20AEC000D02CE20300948BBE0006B2BDAABDA2BDFE0688AD86A982A5DE8688A676C8352EB7
:20AED000761F00128BA4F603248643166C5192C1603656BF01C15CADAAD19A079B02DC86EF
:20AEE0002BC95CA47648F8FFE2AF0044E850B2007700E68E0000D00AE2130091E2AF0046C8
:20AEF000E850B200761F031DE68E0000D009E2130091E2AF0008E85048007700E68E0000CC
:20AF0000761F02A6E21300F1E2AF0000E85158407700E68E0000D00CE213009192C15201B9
:20AF10006017D00D929160130AC992C9526469102BC9C5A1D00D2BC156BF0191DF0A92C7CE
:20AF2000C5A196EBDF0992C796F36F022BC9761F00129216600A2BC1D00D2BC9929152010F
:20AF30006004D00D2B91AAD1D00D56BF9041AAA98AA35D917648E9F3FE8682BE86BE8BBE6D
:20AF40000006B2BDAABDA2BDFE02A8A982A48D00010186A5FF180001889383A91E429A0725
:20AF500093A67648E6778D0001009293520160148D4001008D0001012B9B9A078AA383425D
:20AF600093937648E6778D0001009293520160042B932BC26F0328C2A55ABE0029015603DF
:20AF700001A658A992A6560301A91EA707A283A9D1012593DD021EC592A072A10E9B5601B3
:20AF800000C506A707A28AA9D12092A072A1DC34259BD1211EC492A072A10E9B560100C480
:20AF900006A707A28AA9D14092A072A1DC66259BD1411EC492A072A10E9BD160560100C492
:20AFA00006A707A209988AA992A072A1259BD1611EC492A072A1DE010E9B560100C492A62E
:20AFB000521068BE7648F8067648F976FE8282BE86BE8BBE000658A9B2BDA8A9AABD86A46B
:20AFC0000DA01EA78F00BEE48F40BEC0D806F6052484CCCD0F00FFC75201601B92928F0011
:20AFD000BEE6D801761F02FB96E49292D124D80196EC9292D80196349292D80196F49292F2
:20AFE000D80196FC9292D8019635439D6D0E6F15761F02FB9A268AA25DA0CD24000776480E
:20AFF000AA5058A943246C09AAA90DA01EA7D8028F00BEF2F601248486BE92A08BBE000628
:20B00000B2BDAABDFE0286A4D04E93925301600EDC28E801EE60E2AF01C4E80E6668E700EF
:20B010000040D04EE20300C42B92D028E2AF01C2D12AE2AF0092761F02D7E7000008D018AD
:20B02000E203009AD116E2AF0120E2AF0092E7000008D024E2030092E2AF009AE700000069
:20B03000D026E2030092D02AE2AF0092E7100001D126E2AF039AE27400C877007700D12E4E
:20B04000D024E203009AD116E2AF0092D014E2AF0192E7000008D030E2030092D024E2AF80
:20B05000009AE2AF0192D02ED124E7100040E2AF0192E7000008D032E2030092D02EE2AFDD
:20B06000009AE2AF0192D034E6AF0000E7000008D130E2030092D034E2AF0292E2AF019ABD
:20B07000E7000051D032E8502009E2AF0092E7000000D136E7200040D036E2030092E2AFBF
:20B08000009AE2770002D030E2AF0392D132E316C19AE72000518AA2C5A2E2740009D03AEA
:20B09000E801FB33E80B3333D13AE203019AD13AE2AF0192D03AE6970019E203019AE2AFC5
:20B0A0000092D03AE8200000E2030092D03AE2AF0092E7000000D12EE2AF019AE2740008D8
:20B0B000DC38DF40D138D038E2030092D03AE2AF0192E2AF009AD016D12CE7000008E2AF09
:20B0C0000192E7000008D038E203009AE2AF011EE2AF00C4E7000008D138E20300C4E2AF30
:20B0D0000092D038E8320D00E2030092D038E2AF009AD138E8220000E203009AD143E2AFBE
:20B0E0000122E2AF0092E7000008D03CE2030092D03C93C7979AD140E2AF0092E68E000059
:20B0F000D03EE213009AE2AF0092E8120400AD146313E8900000D03E761F02E3E2030092D4
:20B1000040246C0AD03EE2AF0092E68E0000D041E21300926F0FD03CD13AE2AF0092E2AFCF
:20B11000019AE70000087700E68E0000D041E2130092D041D116E2C40192E2AF009AD0489E
:20B12000E7000008D141E2030092D04093929F9A88A8BDA60F1277007700D024E2AF03926D
:20B13000E68B0001D04AE70000C8D14AE2030092D048E2AF009AE2AF0192D14CE72000089F
:20B14000D04CE2030092E2AF009AE5A0AD146504D04E56BF0192761F02D7D03CE2AF012E82
:20B15000E2AF00928AA2E7000008D042E68E0000DC40E213009276484209D116D024E2AF03
:20B16000019AE2AF0092D022E7200008FE82E203009286BE8BBE0006E20304BDE20305BD39
:20B17000E20306BDE20307BDFE083B01761F002C8500BDA90F1677008804800885A6E68936
:20B18000000ABDA90F128801761F031385A7BDA90F1EE2AF010AE6890000761F002C85A634
:20B190008005761F0313E304620C761F002C8809761F0315E0008400BDA90F22E203000239
:20B1A000761F002C85A7BDA90F1285A6BDA90F268803761F0315E2AF0600E2AF0702E20307
:20B1B000054285A6761F0313E689001DE2AF0314761F002C8807E70001BEBDA90F2E761F00
:20B1C000031585A6E00AEE04761F002CBDA90F2A800BE6890000E6890024761F031585A78A
:20B1D000E0086506761F002C8802761F0315E0008408761F002C8006761F0315E203000AC5
:20B1E000BDA90F127700E689003FE689003685A6E2030044BDA90F12761F002C880A761F3B
:20B1F000031585A7E2030046E2AF0408E2AF050AE3096C42E6890020BDA90F22E203050CDD
:20B20000761F002D85A6BDA90F26E000E4489200761F0315E203040E761F03139E04E70030
:20B2100001CC761F031585A9E00CA410E2AF0644E2030412E6890036BDA90F22E2AF001221
:20B22000E2AF0710E2030042E2AF0046E6890000E6890024E2030044E2AF0042E30E07482A
:20B23000E689003FE00CF014E2AF0044E0004616761F0313E30E8A0E761F0315E203001871
:20B24000E6890028E203011AE3050C18761F0314E2AF0218761F0315E300C31AE700011B84
:20B250007700E0028B1CE203001EE203012A761F002DE2C800057648D99DE2C80401761FE2
:20B260000313E2AF0312E2AF0116761F002DE70000E3E2C80203761F0315E0028820E20313
:20B270000322E2030126FE88E2AF07BEE2AF06BEE2AF05BEE2AF04BE0006FE02761F02A771
:20B28000E801DD18C406060C761F02A6E80EB850C2001E0AE2AF0100E7100040E2AF010C68
:20B29000E71000407700E811FC00E2030002AD14630AE5A0AD14620CE88FE0007700E2037F
:20B2A00000026F06E8AFE0007700E2030002E2780000770077007700E2030008E2AF000005
:20B2B000E811F800AD146404E8AFC0007700E2030004E2AF000AE5A0AD146509761F0315B1
:20B2C000E2AF002AE8120900AD146314761F02A6E2AF000AE5A0AD146309761F0315E2AFB0
:20B2D000002AE8160900AD146505761F02A62B126F23761F02E2E801DD18E2AF01089B006A
:20B2E000761F02A6E80EB850E7100040E2AF0204E6940002AD1464029B01E801F7C0E80A74
:20B2F0008F60E72000409A00E6940002AD1462029A01CEA89612761F02A79234E801F7C070
:20B30000761F02A69611E80A8F60E2AF0100E6940001AD1462032B106F080A10E2AF0008D0
:20B31000E6AF0000E203000892105206601C761F02E7E801E118061E761F02A6E80EB85066
:20B320001E0CE2AF010CE710004077007700E27800017700E801E11BE80EB853E6960019D3
:20B33000E203010EE801E118E2AF0108E80EB850FE82E6960001E20301080006B2BDAABDC8
:20B34000FE02D05E86A44095FFED008BD04F4392FFEC0087761F02D7D07CE2AF012CE2AFDA
:20B350000295761F02A6D11CE7000051E2AF0308E7000059D01CE2030192D01EE2AF019A8A
:20B36000E2AF0292E72000897700E8120201AD146509E84FA0097700E7100089D01CE203CD
:20B370000192931253016058E2AF0104761F0313E2AF0220D11A761F031DE2790009E2AFF0
:20B380000308E700009AD01AE7000051761F0315E203019AE2AF0292E2AF012AD118D01820
:20B39000E6950009E7100089761F02D7E2030192D018E2AF0228E2AF0192D018E696001177
:20B3A000E2030192E2AF012AE2AF029AE694000AAD14620DD0148F00B642D114E2AF029203
:20B3B000E2AF01D4E6960011E203019AD01CD118E2AF0192E2AF029AD028D116E7000051CD
:20B3C0008AA2E2030192E203009A7640C0008AA2DC4F1AC40004D01CD11E06921E9AFE82F0
:20B3D00086BE8BBE0006761BFFF00005ABBDA8BDA0BDC2BDC3BDE20000BDE20300BDE203F6
:20B3E00001BDE20302BDE20303BDE6300600FF69294256167640C16C761F0315E2AF002AA0
:20B3F0007648681C7640C27D7648BF89764847AF7648FA60761F01D01A040001761F0033E7
:20B4000056BF0121E2AF03BEE2AF02BEE2AF01BEE2AF00BEE28000BEC5BEC4BE83BE8ABE05
:20B4100087BE00033B30FFF176177602761F01C84605C5A46C2E880792A6527E6126D07D5D
:20B4200092975201602692A6527F611228AB00012FC792AB94AA96C7A8A90DAA8AA97ED45F
:20B4300092C7523B6816D07D2BC72B976F1292C79B00520B68029B01D07A979792C7D07DA1
:20B4400096CF2BC72B976F05D07D2BC756BF0197000676228F45F800A0A9C4A5761F17E6C5
:20B45000FF170003DD208AA9DE241AC600011AC5000318C4FFFD1800FFFE761F17E0CC0089
:20B46000F0FF1AA904009600761F17E61A0000021A000001761F17ECCC00FFF8500A96006C
:20B47000761AF6077700FF69000683A4D07A929552016019761F01C847046C1580C59A01DC
:20B4800094A796C5A8A90DA78AA992D4960992CD54C56609D07AC4A52B952BC5F67A2B856F
:0EB49000DE7B0AC60006190156C3FFFF000648
:20B49800B2BDAABDA2BDFE0688AD76C8352AA35082A986A5DE8488A6A946761F00128BA4EB
:20B4A800F603248644166C5592C1603656BF01C15CADA2D19A079B02DC842BC95CA476483A
:20B4B800F8FFE2AF0042E850B2007700E68E0000D00AE2130091E2AF0044E850B200761F21
:20B4C800031DE68E0000D008E2130091E2AF0008E85048007700E68E0000761F02A6E2133C
:20B4D80000F1E2AF0000E85158407700E68E0000D00CE213009192C15201601BD00D929193
:20B4E8006017D00D929260140AC992C9526469112BC9D00DC5A12BC156BF01918A46DF0A77
:20B4F80092C7C5A196ECDF0892C796F46F022BC9761F00129216600A2BC1D00D2BC992912B
:20B5080052016004D00D2B91A2D1FE8682BE86BE8BBE0006FE02D00CE2AF00D5E2AF0194A1
:20B51800E6940008AD14630ED00EE2AF0194E6940008AD146209CCC4FFFD41A996C46D066A
:20B528006F5D1AC4000241C46C59E2AF00F4E2AF01C5E6940001AD146429E7200009E2AF47
:20B5380000D4E7000008D00AE20300E4E2AF0294E2AF01E4E6950012E6CF0008E69500002B
:20B54800E6970010E5A1AD146404E801FC016F03E805FC01E70000407700E5A0E20300E479
:20B55800AD146307E805FC006F06E590E20300E4E801FC00E2AF01E4E72000407700E2030E
:20B5680000E4E2AF00E4E70000017700E8CFE00977007700E277000977007700770077003F
:20B57800E2740009770077007700E2AF03C5E70000C8D008E20300946F05D008E590E203F0
:20B588000094FE820006B2BDAABDFE0286A4D01CE2AF00E5E2AF0192E6940008AD14630E4F
:20B59800D01EE2AF0192E6940008AD14621CCCC2FFFD41A996C26D196F5792C242A96D06F6
:20B5A800500241A996C26D116F4FD0089B009295900F520261029B01560301A8CDC2FFFD9A
:20B5B800CAA896C241C26C40D008CD95000F612792A89CFF5202690853046024D012D114ED
:20B5C80006921E9A6F1FD0088095DC043B01C4A4CCA7000FE2AF00C5560302A9290107A661
:20B5D80019048AA9CCA7000F560302A907A683A97648DEA2D014E20300926F04D01406F2BC
:20B5E8001E92D014D11AE801E118E2AF0192E2AF029AE7000051E80EB850E7000040D0184C
:20B5F800E20300926F05D018E590E2030092FE8286BE8BBE0006B2BDAABDA2BDFE1083A4F7
:20B60800C4A486A482A9DD38DE46A04EC2427648BA0ED145D037929ACA9260268AA2AAA90A
:20B61800094DDC0EA8501E42834EA2A97648B7658BA2D91CAAA909548AA11E42A2A9834E0B
:20B628007648B498AAA98AA2B24283A2095B1E44DC2A7648D4F0AAA9B24209621E448A4E26
:20B6380083507648D08FAAA98BA28EA2C5A2C4A28AA283A2092A1E42D938AAA9D84DDF54E5
:20B64800DE5BB244DC0EDD1C09623A46C348C24A1E4CA2A97648D5398AA2AAA909A283A9F7
:20B65800DC6AA2A97648DFD28AA2AAA909A983A9DC78A2A97648AEC5AAA909868AA9AAA93D
:20B6680009B083A9A2A97648D847AAA909948AA9AAA909B783A9A2A97648E5E0FE9082BEB7
:20B6780086BE8BBE0006B2BDAABDA2BDFE02D02E86A58DC834DCCD94FFEFDD02D02E92C2DC
:20B688009008FF80CAA89694A242CCC200077648A352761F02FBCC010F00FFC752016033A9
:20B69800D00AE2C4003483A4E2AF0193D00AE7000008DD02E851E001E28400957700E71067
:20B6A8000040D10EE68A0000D00AE2030095D00EE2C40035E2AF0193E7000009E284039DCB
:20B6B800E851E0097700E71000C8D10EE68A0000D00AE203009DC495D10ED012C295D01618
:20B6C800069D1E95D00FE801E118E2C40192E801E11BE80EB850E7000040D10EE850D2001F
:20B6D800D02CE68A0001E80EB853E2030194E2C4019AD028E7000058D12EE2030094D02E7C
:20B6E800CC9CFFF05003FE82969482BE86BE8BBE0006B2BDC446D10C929E42A96D2993D6AB
:20B6F8006055D00C500456BF01D6969692C6604ED125D0275603019CC5A4949459A9A0A970
:20B70800DF21098083A9D00192C7C5A4969D92A172A0DF2092C7C5A49695DF2692C796DEA3
:20B718009A0179E656BF02EE56BF01C66F45D00B92965201602BD00A929652016029D030C3
:20B7280092946026C5A48D400100D0282B9DDF280AC792949C015210680FD0282B9483A60A
:20B73800D10BD03056BF0194D00A2B96DD0C2B9E18C5FFFB2BD683A4D025DD250AC5560300
:20B74800019452206803D0252B949A016F15D00AD10BC5A62B9683A42B9ED025DF0CDD25E8
:20B7580018C7FFFB2BD60AC55603019452206803D0252B949A008BBE0006B2BDAABDA2BD8B
:20B76800FE0688AD86A9A046DE84825088A676C83526761F00128BA4F603248640166C50ED
:20B7780092C1603556BF01C15CAD9A059B02AAD1DC845CA47648F8FFE2AF0042E8504800CA
:20B788007700E68E00007700E21300F1E2AF0044E85048007700E68E0000761F031DE2136F
:20B7980000F9E2AF000AE850B200D00AE68E0000761F02A6E2130091E2AF0000E8515840A0
:20B7A8007700E68E0000D00CE213009192C152016017D00D929160138A46D00D9294600F62
:20B7B8000AC992C95264690C2BC9D00D2BC156BF019192F196EB92F996F36F022BC9761FA2
:20B7C80000129216600A2BC1D00D2BC9929152016004D00D2B91AAD1FE8682BE86BE8BBE41
:20B7D8000006B2BDAABDA2BDFE062DA9964327A8D300A04686A49A01C452FF66CEC5835035
:20B7E800615EC54692432901560301A907A709018AA9D022D10825C40DCC1E95D0201EA795
:20B7F8001E95D00C1E962F9E0EAA0FA7690302006F0306A701AAD00AD50029011E96C446E4
:20B808009243560301A907A609011EA7560301A5DD0188A594AB59A9AAA9BDA60F12098021
:20B818008AA9D00192C7E68B0000969C92A172A0E8120C0093CFAD14979464E2AAA9FF10CF
:20B8280001011EA756BF204192C79642AAA909808AA9AAA9FF18000183A99A0793AB76484F
:20B83800DF968D000100929252016003D3012B929A018A462D43FF66FF5EC0C492A3FE86A8
:20B8480082BE86BE8BBE0006B2BDAABDA2BDFE0476807300D1095BA5804D86A497429641EC
:20B858007F434B9E6C0BFF200F9E1AD600207640C493761F01CC4B096D4E924352016106C5
:20B86800761F01CC56BF50076F069A50761F01CC944296074C026C09FF2007CE7640C493FA
:20B87800761F01CC4C026D3792435201610756BF0405924296087B086F0456BF03057B08A6
:20B888009241CDA900FF9708FFC7960828092E20FF200F9E7640C4938D40730045D16D1129
:20B89800FF2007CE7640C493761F01CC45026D09D90918C1FFDF56BF01C21A0900206F113C
:20B8A800761F01CC8F01D4BE1A020020A8A97640C4936F071809FFDF56BF01C21A090020D2
:20B8B800FE8482BE86BE8BBE0006B2BDAABDFE0286A47640C16CD120761F0315D00EE2AF2B
:20B8C8000000E20300F2E2AF0108E2030192D016E2AF0210E2030292D01EE2AF0318761F46
:20B8D80002F6E2030392D008E2030092D010E2030192D018E2030292E203039AE2AF000AB9
:20B8E800E2AF01F2E6940001AD146239761F02F7D00EE2AF000AE2AF0192E6940001AD147E
:20B8F800622E761F02F8D016E2AF000AE2AF0192E6940001AD146223761F02F9D01EE2AF9C
:20B90800000AE2AF0192E6940001AD146218CCD2FFF8D029501996D22892025892CACDA9F6
:20B9180000FFCCA9FF0008A90100CAA89B0195A991FFCCA9FF00CBA997CA6F05CCD2FFF8BC
:20B92800500296D2FE8286BE8BBE0006B2BDAABDA2BDFE0282A4C4A4864C92F3DE0FA04249
:20B938009CFF83A68A427648E39D8D400117BE00D0004B9B6D349201520161078D400134D7
:20B94800D001289B02006F3528DCA55A28AB000192AB94A627A9A2A90DA688AB1EA7064249
:20B958000DA68AA9DF0F92C796DC92A6527F68EF8B42D9038AA192F39CFFDC017648F3A9A5
:20B9680058F396918A427648EACDA2A9FF10011782A91ACA00221AC300016F24A2A90DA000
:20B97800FF12004D1EA7D8018D400112929B96C7A2A988ECFF12004D83A98D40013A761F63
:20B9880002E97E95D80192F49695D80192FC9695D801A09B8D40013C789B56BF010156BF28
:20B998000102FE8282BE86BE8BBE0006B2BD8BA492C5C44AC5468A4861425201611C520292
:20B9A80061045203615D6F61D00B8891761F02A60E100FA6605A761F02EF920752016105A1
:20B9B800520261532BC56F51D00856BF01C5C5913E676F4BD00B8091761F02A60E100FA752
:20B9C800601B761F02EF92075202611052006108D0299294900F6004C5D13E676F0DD07824
:20B9D8002BC5E590E20300966F07D07856BF02C5E590E2030096C5E13E676F27C4A4DE2995
:20B9E800CCC6FFEF96C693C76018761F02EF93075301601B900F6019D00A8891761F02A65A
:20B9F8000E100FA66012C4A456BF01C5DE291AC60010C5C13E676F0956BF03C56F06DC29B6
:20BA080018C4FFEFC5F13E678BBE0006B2BDAABDA2BDFE0888AD76C83522A35282A9DE8621
:20BA180088A6A948761F001286A4F603248642166C4492C26042D00D9295603F56BF01C202
:20BA28005CAD9A059B02A2D2DC865CA47648F8FFE2AF0044E85048007700E68E0000770077
:20BA3800E21300E2E2AF0046E85048007700E68E0000761F031DE21300EAE2AF000AE8506E
:20BA4800B200D00AE68E0000761F02A6E2130092E2AF0000E8515840D10CE68E0000D00D8A
:20BA5800E213009A92926009D00D56BF01928A4892E296EC92EA96F4761F001292166009A7
:20BA6800D00D2BC2929252016004D00D2B92A2D256BF8F41D00DA2A98A485D927648E9F3A3
:20BA7800FE8882BE86BE8BBE0006FE02E811FC0083A9AD14C4466321E8020401E274000997
:20BA88007700770077007700E89030097700E68A000977007700BFA70F1602641EAC020076
:20BA9800566500A7F61F561700A6A9A903A71EA606A7FF301EA76F0B8F0003E80200A8AB5A
:20BAA800F61F561700A6A9A6B614DE8ABDAB0F167700770077007700E68B00097700E70094
:20BAB80000407700E68A00007700A0A9BFAC0F12610902010FA5610376256F068F05E740AB
:20BAC8006F038F05E70006A683A4C4A4D00C910FDD08FF69A3C5DE0818AB000018AAFFF0AB
:20BAD80083A4CAABCBAA1EC67F94ABA9DD10910FDC10A3C518AB000018AAFFF0FE82CAABA8
:20BAE800CBAA1EC40006B2BDAABD76228F05D300761F174CC5A4C4A483A48BA4DF22DE23EB
:20BAF800DD261AC700041A2200081A2200101A2200201AC60001C4A48EA41A2300041A2262
:20BB08002000DE281AC5000183A4C5A4D9301A260002DD2A1A2600041A2600081A26001059
:20BB18001A2600201A2600401AC60001C4A41A2800021A2800041AC5000183A4D832DF3436
:20BB2800DE36DD3C1A2A00021AC100011AC000011A3200021AC70001C5A41AC60001C4A4F1
:20BB38001AC5000183A4DF3EDE48DD4A1A3C0004DC4C1AC700011A3E00021A3E00041A3E0A
:20BB48000008761F174D1AC600011A0800021AC500011AC400011A0C0002761A86BE8BBED3
:20BB58000006D0AC8F40B1009295900F5203601A761F02CC0610D0AA761F02C256BF0401D0
:20BB6800761F02C61E0C761F02CC9226CD95FF7F900156BF0F00FF86761F02C6CAA8962A72
:20BB78006F4D761F02CC2B01E2AF01120A00E6AF0009E2030112E2AF0114E6AF0009E203F5
:20BB88000114C4C4020AC20A07D4BDA90F16770077007700E801D41AE68B000BE808937A0D
:20BB9800E850281BE801E119E80EB851E70000D3E801EE62E70000C9E80E666AE710008947
:20BBA800E203030CE2030118E2AF011CE2AF020CE71000897700E850D2097700E68A000944
:20BBB8007700E203011EE2AF011AE7100040E6AF0009E20300C4E203011A0006B2BDAABDEC
:20BBC800A2BDFE02824C86A5DD09A2A909041E42E2AF00C276486470D02E44946C28D00840
:20BBD80044926D08D12A0200D02C1E9C0694610C6F2583A40201D02CD12ADD2A560100C570
:20BBE80006940F9C661B83A20200D02AD128DD081AC500201E94D00A069CD10C1E93E2AF2C
:20BBF80000F2E6950000E203009B6F0883A2D02A0200DD0818C5FFDF1E94D00941926D0835
:20BC0800D009929240A96D04D00950049692D00845926C0583A2DD0918C5FFFBD0094292C1
:20BC18006C10D0089292900F6005DC2E18C4FFF06F0ED02ECC94FFF0D02E500196946F0702
:20BC2800D02ECC94FFF0D02E50039694FE8282BE86BE8BBE0006B2BDAABDA2BDFE068BA479
:20BC380086A9D563DC0C9A079B0656BF0A4182A47648D801D552B2A909241E4656BF644171
:20BC48009A059B088A467648D8019A06D55A9B0656BF0A418AA17648D801D545B2A909180B
:20BC58001E4456BF64419A049B088A447648D8018AA156BF454183A3AAA9DC5B7648DDE613
:20BC68008AA156BF4641AAA98346DC697648DDE68AA156BF474183A1AAA9DC547648DDE623
:20BC78008AA156BF4841AAA98344DC627648DDE68AA183A156BF4941AAA9DC70DD307648B2
:20BC8800DDE68AA183A156BF4A41AAA9DC77DD3C7648DDE683A156BF4B41AAA9D97EDD4816
:20BC98008AA17648DDE6FE8682BE86BE8BBE000627A9290176C0C4B0560301A907A71EA670
:20BCA800B2BD029407C61EA641C66D0C9B0195AB560301A807A71EA6029407C61EA641C6E8
:20BCB8006C0492AB5201614092AB560301A907A71EA6029407C61EA642C66D0C9B0195AB95
:20BCC800560301A807A71EA6029407C61EA642C66C0492AB5203612892AB560301A9560197
:20BCD80000A7029407C71EA646C66C0492AB5207611B92AB76C0C4B0560301A907A71EA693
:20BCE800029407C61EA646C66D0C9B0195AB560301A807A71EA6029407C61EA646C66C138E
:20BCF80092AB52056010D03C1AC40002761F031E56BF0195C402D03AD144C295D0432895CF
:20BD08000FA02B9D8BBE0006B2BDD0FC2794BE0092AB521D6664A8A9D1FD093E1EA756BFEB
:20BD18007E9CD0FE1EAC92C79694ABA0A8A909FF1EA792C896C7A8A92FD0FF10010357CF2D
:20BD28002FD857D72FE057DF1EA78BA992E896C706A780F08EA97FC8ABA0ABA72FF88EA91B
:20BD3800DF0857D092C7ABA7D00996D992978D00011893A9FFD6907F97948D0001199694FF
:20BD48008D000108A8A90DA61EA7DE0192A652102B9768F992AB520D691D8D000107520DCA
:20BD5800BE0056BF019461198D00010828AA000A92A672AAA8A90DAA1EA7A8A90DA68BA91E
:20BD6800DF3EDE0192C7969192AB9CF354A666EF6F048D0001072B947648D7BB8BBE0006BE
:20BD7800B2BDAABDA2BDFE06761F031E8F00A00006007648F38E761F031E8F00A007060056
:20BD88007648FFD8761F031E8F00A00E06007648FFDC8D400490761F031E8F00048083A126
:20BD9800A84206008F00A000764895B8761F031E8F00A016060283A11E42060076488B2269
:20BDA8008D80A252761F031E8F40B986B24206028AA2A0441E4606007648836C8DC0A41A88
:20BDB800761F02E4020A0F1C661A761F031E8F00A19406007648B603761F031E8F00A14E0E
:20BDC80083A106007648F983761F031EB24206028AA283A31E4406007648F597761F031E8B
:20BDD8008F00A0AC06007648BC337648F0A6FE8682BE86BE8BBE0006B2BD92CDCDC4FFFEB6
:20BDE800C546D01A9001E801FC02CAA896C4CDC5000EFFD09D03979440A96C58D00E929516
:20BDF800610852026008E801F8CAE80CCCD26F03E801FC02D01A92942BAB6130290192AB92
:20BE0800E801C688560301A907A509028EA9E80DB8B892AB560302A9E2C801C007A4E30251
:20BE180003C709021EA692ABE70000199C01E801C68BE20301C6E2C801C8E80DB8BBE700EF
:20BE28000058E2AF03C7E700001827A9E7000010D01AE20300D6549468D3D010E801EE60A2
:20BE3800E2C40195D111E801EE63E80E6668E7000041D020E2030194E2C4019DE80E666B31
:20BE4800E7000058D022E20300948BBE0006B2BD88A980A88BA43B103B209CFF93A652011D
:20BE5800694992A89CFD5201693192A89CFB520169199DF9530166518F40B84092A793A6D8
:20BE6800FF69764851E4761F002CE2C8010A761F0313E2AF0014E70000087700E20300D17D
:20BE78006F3C8F40B7C092A7FF69764851E4761F002CE2C8010B761F0313E2AF0014E70077
:20BE880000087700E20300D16F288F40B74092A7FF69764851E4761F002CE2C80109761F6A
:20BE98000313E2AF0014E70000087700E20300D16F148F40B6C092A7FF69764851E4761FC2
:20BEA800002CE2C80108761F0313E2AF0014E70000087700E20300D1291029208BBEFF69FC
:20BEB800000656BF01C4761F02E9920396CC9204761F031396D49204761F01D096DCC63BF9
:20BEC800761F01D496E4C63B761F031D96ECE2AF001CE85048007700E68C00007700E213BC
:20BED80000F4E2AF001EE85048007700E68C00007700E21300FCE2AF0022E850B2007700C2
:20BEE800E68C0000D008E2130094E2AF0020E850B200D009E68C0000761F031CE213009444
:20BEF800E2AF0006E85048007700E68C0000D00AE2130094E2AF0018E85048007700E68CB5
:20BF08000000D00BE2130094E2AF002AE85048007700E68C0000D00CE2130094E2AF003C5F
:20BF1800E85048007700E68C0000D00DE21300940006B2BDFE04E2AF00E5E8502801E2AF5B
:20BF280000C4E71000405201E20300C46014761F0313E2AF00E5E2AF011EE700000883A4A7
:20BF3800E8502801DD02E2AF00C5E71000407700E20300C5E80230E0E2AF01C4E80A0000B9
:20BF4800E6940001AD14640F020A560100E4E80230E0E80A0000E2AF01C4E720000877001B
:20BF5800E20300C4E80230E0E2AF01D4E80A0000E6940001AD14641D020AE80230E05601B4
:20BF680000F4E80A000028A9B3C528A891A2D008E2AF01D4E72000081EACE20300D456471A
:20BF780000F4A9A9560500F428AC002B565B3F94D108D00A0E9CD10C0794FE841E9C8BBE37
:20BF88000006FE06761F02EF9202615B52016104520361546F58768004928F40BD808F0009
:20BF9800AA00C242A044A8468F40BBC38F00BBC87648B99E768004938F40BDC08F00AAC0C3
:20BFA800C242A044A8468F40BBC48F00BBD47648B99E768004948F40BE008F00AB80C24249
:20BFB800A044A8468F40BBC58F00BBE07648B99E768004958F40BE408F00AC40C242A0444A
:20BFC800A8468F40BBC68F00BBEC7648B99E761F02A69210520560058F00C74876488977D9
:20BFD80076489504761F02A6E2AF00007648A22D764866E9764856976F067648F8A96F0399
:20BFE8007648EA20761F02E41828FFDFFE860006E801D298E2AF01C4E8099998E2740041EC
:20BFF8007700761F0313E801D298E8099998E203010AE2AF01D4E274004177007700E801CE
:20C00800D298E8099998E203010CE2AF01E4E2740040770077007700768701B2E203000E86
:20C01800E2C800C67700E8022C01E27400097700D00CE801D298E8099998E2030110E2AF5C
:20C028000194E27400417700D00AE801D298E8099998E2030112E2AF02F4E2740082E801C6
:20C03800D699E8099999E801D298E8099998E2030214E2030116E2AF0194E27400417700B6
:20C04800D016E80234E0E80A0000E2030118E203001A06941E1C06D51E1E000688A992CC85
:20C0580027A8903060590ADC1BDC07D0685D761F01FC1A0200201A0200801A0220001A0245
:20C068008000762292AB5201611B5205602B29018F40C4B0560301A9560100A583C5A0A9B5
:20C0780009991EA7A0A909991EA6A0A9099983A91AC700401AC600801AC500016F1329016E
:20C088008F40C4B0560301A9560100A583C5A0A909991EA6A0A9099983A91AC600021AC587
:20C098000001761A2BDC2901CCCCFFDF501096CC560301AB8F00C4B0560100A4026B07C453
:20C0A80083A928C5014A7622029707C48AA91AC40004761A6F09CCCC0030FFC352016004BA
:20C0B80092A6764899290006B2BDFE0492C45230620C52306143520A6153520B6147520E58
:20C0C8006142521561096F1052316133525161275252611E6F090204761F02E40F1C664630
:20C0D8007648DEE06F43A8A9FF12004D83A98D40013A8D00013C761F02E928C50100A09CC3
:20C0E80056BF019456BF010156BF01026F2FA0A9FF11018D1E42764899D76F28A0A9A0428A
:20C0F800FF11018D8F40B9801E44764865B16F1E8F40BC407648CCD96F198F400440764838
:20C10800DBEA6F147648F6486F11A0A9FF11018D1E42A0A909E083A97648B92E6F07A0A94A
:20C11800FF11018D83A97648AAD3FE848BBE0006FE02761F02E6921852016013061A761F8F
:20C1280002E71E06A306C506C406761F02E8A910761F02E62B18761F02E8C31AC2241E2E26
:20C13800761F02E6921C52016018E2AF001EE84FA000761F02E7E2030008A308C508C408BC
:20C148000608761F02E8A912761F02E62B1C761F02E8C31CC2261E30761F02E692145201C1
:20C15800600DE2AF0016761F02E8E203000EE2030018E2030022E203002C761F02F3400062
:20C168006D06761F02F5920452016015761F02F00A00E2C40000761F00121A100400E81254
:20C178000D00AD146408761F02F02B00761F02EF56BF0202FE82000680A9762252016148D9
:20C188005203612E520561145207605929018F00C4B0560301A9560100A4029807C48AA912
:20C19800761F01EA1AC400401A3200026F4829017680C4B0560301A907A68AA9029807C408
:20C1A80083A99A0194A7560301A907A68AA91AC50040029807C48AA91AC400406F302901F4
:20C1B8007680C4B0560301A907A68AA9029807C483A99A0194A7560301A907A68AA91AC5F1
:20C1C8000004029807C48AA91AC400046F1829017680C4B0560301A907A68AA9029807C476
:20C1D80083A99A0194A7560301A907A68AA91AC50002029807C48AA91AC40002761A000673
:20C1E800B2BD8F00BF80AABDD108D0092BD428DC20002BE4BE00D20128EC08FC28F403E8FF
:20C1F80056BF14FC289C0A28D10E56BF1494D00A28941000D00B28941388D00C289412F2FC
:20C20800D00D56BF1494D00F289C1450D11356BF1494D01028942000D0112B94D0122894DA
:20C218003003D01456BF0A9CD11728940A28D015289403E8D01628941450D018289C12F21C
:20C22800D11C28944000D01928942710D01A28942710D01B2894700056BF019C8F00BF80BD
:20C23800A8A90DA28AA992A67648F569DA0193A288A9531D69F4D01D8F00BF807E9456BF6F
:20C248001BCC86BE8BBE0006B2BDC5A4D0CDD1CDAABD8648DF1092C79695809DCDA700010F
:20C2580092A7FFC0900194A893A7FFD1910195A992A7FFC2900194A893A7FFD3910195A984
:20C2680092A7FFC4900194A893A7FFD5910195A992A7FFC6900194A880A92BAC560301A743
:20C278009EF458A927AC2901FF20FFFD0FA0600592A7610329016F039A076F279A01D0CD3F
:20C28800FF66CE9561149A0293AC94ABC4A458A9560301A807A509CE1EA7DE0FD1039296A3
:20C2980096C792AB72A127A0929E96CF92AC9C0152082DA968E4A8A9FF1001178AA91ACA97
:20C2A80001029A001AC4000186BE8BBE0006FE02761F02A7E2AF0024E2AF0122E27C004121
:20C2B8007700770077007700E27A0000770077007700E71000407700E811F800E203000441
:20C2C800AD146406E8AFE0007700E20300049237E84F60005201E2030004611F520060394D
:20C2D800E801CDB0E2AF0104E8085B08E6940001AD146311E805CDB0E8085B08E69400010F
:20C2E800AD1465090A359235520368232B3556BF01376F1F2B356F1DE801D1B0E2AF0104FA
:20C2F800E8085B08E6940001AD14620EE805D1B0E8085B08E6940001AD146406923661098E
:20C308009CFF96366F060A36923661032B362B37FE82000676225203613B520461395201B8
:20C31800611D520260595301610E53006055A8A9098083A9A8A909808AA91AC5000418C4DD
:20C32800FBFF6F4AA8A9098083A9A8A909808AA91AC5040018C4FFFB6F3F5301610E5300B2
:20C33800603BA8A9098083A9A8A909808AA91AC5000218C4FDFF6F30A8A9098083A9A8A988
:20C3480009808AA91AC5020018C4FFFD6F255301611453006021D0C7CC94FFFCD0C7500155
:20C358009694A8A9098083A9A8A909808AA91AC5004018C4BFFF6F10A8A909C71EA6A8A91A
:20C36800098083A9A8A909808AA918C6FFFC1AC5400018C4FFBF761A0006B2BDAABDA2BD96
:20C37800FE0282A4A042864C92CD9001CDC3FFFECAA893A940A896C36C3CE2AF00F2E2AFA3
:20C3880001C2D108E7000008D008E203009BC493C2F38A42E801C68BE80DB8BBCDA8FFFDC7
:20C3980092C49002CAA896C3E2C402DCE801DD19E7000098E80EB851E7000008E2AF03F27C
:20C3A800E700001888A9E20300E3560302C49007CDA6FFFBCAA896C3E2C401D48AA3E801FE
:20C3B800EE62E80E666AE7000050DC0C7648F4448A4242C46D0428CB12496F0392E496CB60
:20C3C800C4F2D008C2D3C492D108D00AC293D016069AFE821E9382BE86BE8BBE0006B2BDDB
:20C3D80092C5C5466105C4A4DE2418C6FFDFD02447946C1606E407D40FC46812C4A4020189
:20C3E800DE2418C6FFF0560100C4D00C06E41E9493C792A8FFC0CEA840A96D116F18D02428
:20C3F800CC94FFF0D1245001D00C969C06F41E9493C792A8FFC0CEA840A96C0941C56D0735
:20C4080083A40201DD0A560100C56F04D00A02001E94D02445946C16D008D10A06940F9C9F
:20C41800670E83A4D10AB600BE00D024DD24CCC5FFD096C55010C39CC2C49694D02445942D
:20C428006D0FD00CD10A06940F9C670ABE00D00A83A40200C2941EC4DD241AC500108BBED9
:20C438000006B2BDA2BDFE0482A48BA58A4C06D303D11EE1C4E102050FA66505020019054B
:20C448000FA6644628A9D30028A8386C0FD3674092C4600C761F02B792025201600756BF61
:20C4580001C406E197EC92E196F428A94507C4D328A8C22E1EAC8F015180564700A6A9A964
:20C46800560500A628AC0030565BA8AC06A6566500AB03AB03C1C2D1C5D31EA628A945071A
:20C4780028A8C22E1EAC564700A7A9A9560500A728AC0030565BA8AC06A7566500AB8F00D7
:20C48800ADC003AB1EC1C24206E176486DEA2DE392AC6103353C96F1FE8482BE8BBE0006DF
:20C49800761F02DB180FFFFB761F02DD180FFFFB761F02DF180FFFFB761F02E1180FFFFB2C
:20C4A8007622761F01021A1B0004D4003100761F0106B600BE0002001A1B0004761F010A1B
:20C4B8001A1B0004761F010E1A1B0004761F01121A1B0004761F01161A1B0004761F014AA8
:20C4C800A808A90AC304C2061815FFEF1E00761F011A1A1B0004761A761F02DB56BF030422
:20C4D800761F02DD56BF0304761F02DF56BF0304761F02E156BF0304761F02DB56BF0305FF
:20C4E800761F02DD56BF0305761F02DF56BF0305761F02E156BF03057648F5C40006B2BD8F
:20C4F8008BA4DC0276489BDED0CA90018AA1CD91FFFED0CACAA8DC34969176489BDED0CA1B
:20C50800560301A990038AA1CD91FFFDD0CACAA8DC66969176489BDED0CA560302A9900717
:20C51800CD91FFFBD0CACAA89691B2A909988AA976489BDED0CA9001FF82CD91FFF7CAA8A0
:20C5280088A9B2A909CB8AA9D0CA7E91CDA6000173C4B2A909CB8AA993A6FFD09101FF9081
:20C5380073C4B2A909CB8AA993A6FFD19101FF9173C4B2A909CB8AA992A6FFC29001FF827B
:20C5480072C488C12901FF20A55A0FA66006D0CB9291520F60022BC18BBE0006B2BDFE02C6
:20C55800D024929446A96C05D024CCA9FFF09694D024CC94000F61085201600AD020D1225B
:20C5680006941E9C6F05D01ED12206941E9CD022C4A4E2AF019483A4D122D01ADE16E2AFAD
:20C5780000C6E7100040DD18E20300C6E2AF009CE2AF01C5E7200008D116E20300C5E2AF51
:20C588000194E2AF009CD016E6970008D11AE2030094D01CE2AF0194D018E2AF0094D018FB
:20C59800E6960008E2030094D016E2AF009CE2AF0194E6940001AD14600ED01CD118E2AF3D
:20C5A8000094E2AF019CE6940001AD146004DC241AC40040FE828BBE0006FE02761F02F697
:20C5B800C5A5FF5AE2AF00088F40C540CCD70004FFC19641A9A97648E513A8AC761F02F70B
:20C5C800560302A99007DC728F40C548CDD7FFFBCAA896D7CCDF0004E2AF0008FFC1964132
:20C5D800A9A97648E513761F02F8560302A99007CDDFFFFB8F40C550CAA896DFCCE70004E9
:20C5E800E2AF0008FFC19641ABA909E48AA9A9A97648E513761F02F9560302A99007CDE7A8
:20C5F800FFFB8F40C558CAA896E7CCEF0004E2AF0008FFC19641ABA9FF1100AB8AA9A9A9CB
:20C608007648E513560302A99007CDEFFFFBCAA896EFFE8200062BC4761F0010920296CC04
:20C61800920A96D4E2C400067700E85092007700E88FC0007700E68E00007700E21300DC2E
:20C62800E2C400077700E85092007700E88FC0007700E68E00007700E21300E4E2C400086D
:20C638007700E85092007700E88FC0007700E68E00007700E21300ECE2C4000E7700E8504D
:20C6480092007700E88FC0007700E68E00007700E21300F4E2C4000F7700E85092007700DA
:20C65800E88FC0007700E68E00007700E21300FCE2C400107700E85092007700E88FC00093
:20C668007700E68E0000D008E21300940006B2BDAABDFE0286A48D000140929252016012A9
:20C67800D0FA9292600F761F02E98D0001412B028D40013F2B928D0001402B922B9A7648F1
:20C68800FFCB8D00011745956D27761F02E99202520160358D00014192926012AAA9FF10F2
:20C69800011F8BA98AA9A0A9FF12004D1E427648A69FAAA909808AA183A97648AB54AAA9AE
:20C6A800FF1001418AA98D0001410AC49292520A68162B926F14A0A9FF1001178AA9AAA91D
:20C6B80018C4FFDFFF10011F8BA98AA97648AC54AAA909808AA183A97648AB54FE8286BEA0
:20C6C8008BBE0006B2BDAABDA2BDFE08C4A58BA5761F02E282A483A41E488652E2AF00108A
:20C6D8008F00C700DE02C242AA44A8468F00BBC3764897CC761F02E28F00C712AAA9C4A165
:20C6E80083A3E2AF001C0903DE03DD72C2421E44A8468F00BBC40648764897CC761F02E2D9
:20C6F8007680C724A2A983A18AA2E2AF002809E4DD04DC06A042A84483A98F00BBC5C2462C
:20C708000648764897CCD905DA09761F02E28F00C736B242A2A9AA44E2AF0034FF1100AB2F
:20C71800A84683A98F00BBC60648764897CCFE8882BE86BE8BBE0006B2BDAABDA2BDFE06D6
:20C7280082A4D15CA0461E44DC5E284101315D9B7648E96B8B46864444D16D078AA3D53021
:20C73800AAA9DC527648F411A2A9D0CE2841013209D05D938AA97648E96B44D96D08A2A92D
:20C74800D53109C48AA9AAA97648F411A2A9284101378D000140FF1100A15D938AA9764869
:20C75800E96B44E16D09A2A9D533FF11009B8AA9AAA97648F411A2A92841013A8D0001B25C
:20C76800FF12006D5D938AA97648E96B44E96D09A2A9D535FF1300358AA9AAA97648F41176
:20C77800FE8682BE86BE8BBE0006B2BDAABDA2BDFE0682A4D13CA0461E44DC3E2841012FE3
:20C788005D9B7648E96B8B46864441D16D078AA3D52EAAA9DC327648F411A2A9D0AE2841E0
:20C79800013009B05D938AA97648E96B41D96D08A2A9D52F09A48AA9AAA97648F411A2A943
:20C7A800284101368D000120FF1100915D938AA97648E96B41E16D09A2A9D532FF11008BC8
:20C7B8008AA9AAA97648F411A2A9284101398D000192FF1200655D938AA97648E96B41E935
:20C7C8006D09A2A9D534FF1300318AA9AAA97648F411FE8682BE86BE8BBE0006B2BDD01C49
:20C7D80092946054D008929452016009D01293945301612D520160035300611AD008929440
:20C7E8006045D012929452016041D01CD10E56BF0194C5A4D018069C1E94DF1092C7C5A4C5
:20C7F800D123D024969CDF1192C796946F2FD11CD018C5A456BF019C06E41E94DF2392F4E2
:20C8080096C7C5A492FCDF2496C76F20D11CD00E56BF019C06940FE4670EC5A4D1181E9C42
:20C81800DF1092C7C5A4D0239694D024DF1192C796946F0CD018C5A406E41E9492F4DF23DB
:20C8280096C7C5A492FCDF2496C78BBE00067648F9B48F00A6407648CA908F00BC407648AC
:20C83800FEC0761F029C88228F00A55AA8A90FA660240E28761F02E3880A761F001218101C
:20C84800FFFB0FA66015761F029C0E29761F02E3880B0FA6600D761F029C922A761F02E3AA
:20C8580054066606761F00121810FFFD6F0A761F00121A1000026F05761F00121A1000049A
:20C86800761F029F883280A6A8A90FA7610C88A62901FF20FFFF0FA66106761F00121A10C4
:20C8780000016F05761F00121810FFFE8F00A6407648AD507648F9767648F8060006761FAB
:20C8880002A7E801C8E80602761F031DE80A4A901E0EE2AF010EE70000407700761F02A71D
:20C89800E27800009237761F03135201E2030020613A761F02E79212900F520360348F097D
:20C8A80027C0761F0148A8A90F04671D8F249F00A8A90F046911E2840104E80265F0E80DF4
:20C8B800E100E2740040770077007700761F031DE203000A6F0EE8020E40761F031DE20391
:20C8C800000A6F07E8021640761F031DE203000A0A2492245202680B56BF0224E590E203AC
:20C8D800000A6F05761F031D060E1E0A0006B2BDAABDA2BDFE085AA85BA9A8A98BA48D007D
:20C8E8000101A048FF18000183A91E46A8A909808AA91E4492A393917648E57A92A38AA159
:20C8F8007648DE647A4252018648600D8D00010192A38A44834693917648E57A92A38AA1DA
:20C908007648DE645200611452016024B2A9FF1001011EA792C79641B2A95D42FF180001FE
:20C918008AA99A0093A37648B84C2BC26F13B2A9FF1001011EA792C79641B2A95D42FF1859
:20C9280000018AA928A9A55A93A37648B84C28C2A55AFE8882BE86BE8BBE000658A9B2BD41
:20C93800A8A98BA4761F02FB8F00BEC20DA01EA7D8069A045DA0F6052484CD0200078AA12F
:20C948007648AA5058A943026C049291D80196108F00BEC492E49622CC02000793F45204CE
:20C958009723620A5204611B52006127520161215202611B6F285205610C52066024C5A4A8
:20C96800DC0ADF0892C7C5A4962293C797236F1B76C0BEC4DF0893C797226F1576C0BEC4DC
:20C97800DF0A93C797236F0F92D49C6496236F0B92C49C9C96226F0792C49C9C962292D423
:20C988009C6496238BBE92A00006E8021103761F02E1E801E119E801EA60E801FC02B2BD73
:20C99800E2030310E80EB851E80E6668E2030212D00A8F40BDC0E2030114E2030016761F1B
:20C9A80002F6E2AF00E41829FFF01A290002761F02E1E2030018E8AFF00056BF0A1A761FC3
:20C9B80002F606F41E00E20300020694D0081E06E2AF0094E84FF0018EA5E2030108E2037F
:20C9C800000A8F40BD80C5A5F62924807680BE008F40BE40F6292486E801DA20E80CDD30DE
:20C9D800F6292485E2AF01C4E7000040761F02FAE20300248BBE0006B2BD76229A108F00D1
:20C9E8007A00F4A9790076C07A809A1183A4C4A4F4A979018BA78EA79A16761F01E8F4A9EC
:20C9F80079029A17DD20DE38F4A979039A21D922F4A979049A22F4A979051AC5008083A49A
:20CA0800D838CCC43FFF1AA94000DD2296C418C6FFFEC4A71AC5020083A7CCECFFF7500481
:20CA1800DC3E96051A380002761F01EA18C4FFFE8AA7DE24DD081AC10200DC36CCEFFFF7E4
:20CA28005004DF3296051AC0000218C7FFFD1AC600101AC503001838FFFB18C4FFFB761AB5
:20CA38008BBE000628AD0128FF69561F5616561AE61002002940761F00002902761B764868
:20CA4800FFE652006142762228A9353828A800080901611B76C8353829046F0F9B0024A902
:20CA5800DF016C04290424A8DF011EA6F7A1248606A781A109011EA724A96303FF5C3B0424
:20CA680059A9DF010009FFEC28A9FFFF28A8FFFF090161058F3FFFFF7648EEB5761A764850
:20CA7800FFE828A9FFFF28A8FFFF0901610E76FFFFFF6F06DF01C3BD1EA73E67C5BE24A99F
:20CA8800DF0124A8FF5860F77648F7C17648EBF1B2BDFE028BA48D00031B43916C0D83A16A
:20CA98008F00A500DD327648F043B2A9FF10031B8AA918C4FFF78D00031B45916C0EB2A967
:20CAA8008F00A50009E083A97648E70AB2A9FF10031B8AA918C4FFDF8D00031B46916C15FE
:20CAB800B2A98F00A500FF14001B83A97648E32FB2A9FF10031B83A9B2A9FF11018F8AA9C3
:20CAC80018C5FFBF1AC400028D00031B48916C13B2A9FF11018D8F00A5001E42B2A9FF12D7
:20CAD800008D83A97648CF57B2A9FF10031B8BA918C1FEFFFE828BBE0006B2BD8D40021AE8
:20CAE80006D58D0001821E9C8D40022406948D0002121E948D00020206D51E9C8D4002268E
:20CAF80006948D0002041E9C8D40023406948D0002281E948D00023206D51E948D00023024
:20CB080006C51E948D00018206C51E9C8D4002380694D07C1E9C8D40024606948D000244D2
:20CB18001E948D00024206E51E948D00025206E51E948D00018206D51E9C8D40024E069403
:20CB28008D00024A1E948D00018206C51E9C8D4002500694D07C1E9C06948D0002541E94DF
:20CB38008BBE0006B2BDAABD86A4D07EA2BD82A592925201600BDC7FD07F0AC41B9207D0DC
:20CB48006905D17FD07E2B9A2B92D07A92925201603BD0FA92926038D07E929260358AA22A
:20CB580083A292CADC3EDD027648EAA327A9520B64299CFF7648FCC33B0188A9A8A981AB3C
:20CB680019011EA78D40011A8D00011793C7979A40936D1688A68D00011A0E920FA66010C5
:20CB7800D17B9A02D0FC8AA256BF019A94AB83A39692DC7C0AC48AA27648BD0C6F03D07BEA
:20CB88002B92D07A2B9282BE86BE8BBE0006FE02E2AF00D5E2AF02C5E805F599E7200012A4
:20CB9800E8099999E801F598E20302C4E8099998E2AF02C4E696000AE20302C4E2AF01C439
:20CBA800E6970001E801F078E20301C4E2AF01E5E2AF02C5E7200051E80AE148E694000137
:20CBB800AD14630692F5610C9CFF96F56F090AF592F5520768058AA5DC081AC40001E2AFD2
:20CBC80001E5E2AF02C5E805F078E7200051E80AE148E6940001AD14650692FD610B9CFF0A
:20CBD80096FD6F080AFD92FD52076804DD081AC50001FE820006FE02C4A4A8AB8AA58346DA
:20CBE800DE0F92C6FFC796C4560308C696CC92CEFFC772CC92CE90FF96D4E2C400C47700A1
:20CBF800E84FC000D000E5A0AD14651CBE0292A072A6A9A90DA61EA7A8A90DA0D80188A0BC
:20CC0800BDA60F161EA6DF0F92C796DEE2C400C4E68B0009E84FC0007700E6940001AD1477
:20CC180064E692D4520161155211610D52126107522060128AA57648FF986F0E8AA5764814
:20CC2800FB3D6F0A7680A723C2427648F0C66F048AA57648FF92FE820006B2BDFE028BA4EE
:20CC3800D020E2AF00D5E2AF0191E6940008AD14630ED022E2AF0191E6940008AD146209EC
:20CC4800CCC1FFFD41A996C16D066F331AC1000241C16C2F93E5612992A89CFF5204690FCE
:20CC58005306602BD01A290192919CFF560302A907A18AA9D01E06E41E916F1F88E5DC02C7
:20CC6800290192A6C5A4E2AF00C59CFF560302A907A78AA9560302A607A783A97648DEA2F2
:20CC7800D01EE20300916F09D01E06E11E916F05D01EE590E2030091FE828BBE0006B2BDB1
:20CC8800FE04761F02F68BA5FF5AA8AC7680C70083A4E2AF000ACCF90002DC2CFFC096413C
:20CC9800DD54A9A9C2447648DE25761F02F7D0087680C712ABA4ABA5E2AF000ACC91000264
:20CCA800FFC09641DC36DD5BA9A9C2447648DE25761F02F8D0097680C724ABA4ABA5E2AFFA
:20CCB800000ACC910002FFC09641DC40DD62A9A9C2447648DE25761F02F9D00A7680C7368C
:20CCC800ABA4ABA5E2AF000ACC910002FFC09641DC4ADD69A9A9C2447648DE25FE848BBECD
:20CCD8000006B2BD8D4001172BABD0004B9C6D32A0A9C4A409801EA7D081D183DE0F1AC744
:20CCE800000392C690FF9CFF9695D08292CEFFC79695D08392CE90FF969D92956114BE0208
:20CCF80092AB72A6D0825895A8A90DA61EA792AB72A0D183DF0F92C7969592AB9C0127A900
:20CD0800549D68EEA8A9FF1001178AA91AC400016F18A8A9FF12004D83A9A8A9FF110089EE
:20CD18001EA78D40013A761F02E992C79695D801A09C8D40013C789C56BF010156BF0102C8
:20CD28008BBE0006FE028F0004C09A6428A803E88F4004A8A8428F00049B7648F5F0768064
:20CD380004C29A648F00049D8F4004AAC2427648F5F0768004C49A648F00049F8F4004AC56
:20CD4800C2427648F5F0768004C69A648F0004A18F4004AEC2427648F5F0768004C89A644A
:20CD58008F0004A38F4004B0C2427648F69C768004CB9A648F0004A68F4004B39B64C24229
:20CD68007648F69C768004CC9A648F0004A79B058F4004B4C2427648F69C761F02E4182827
:20CD7800FFBFFE820006B2BD8BA4D00C9A048F00B340E2AF00917648A3E1D0109A048F004C
:20CD8800B446E2AF00917648A3E1D00E9A048F00B4C6E2AF00917648A3E1D00C8F00B3C066
:20CD9800E2AF00917648FEF6761F02D17680B340D00CE2AF01028AA6E2AF00917648F89A44
:20CDA800D90C83A17648CAE58F40B12C8F00B54C7648D6128F40B1008F00B5467648ED93CB
:20CDB8008F00B55A8F40B1527648F33D761F02C6922C900F520360078F00B1868F40B56ECF
:20CDC8007648E8288BBE0006B2BDAABDA2BDFE0282A586A492C38D48350CCDC2FFC7903820
:20CDD800DC02DD01CAA893A9CDA8FFF896C292C39007CAA893A9CDA8FFBF96C292C39040C3
:20CDE800CAA893A996C2CCA80007B2427648CFF3B24283A38AA2CCC20038FFC2DD09DC1295
:20CDF8007648CFF3D111E801EE60D012E80E6668E2C40193D022E7000041E801EE60E2036C
:20CE08000192E2C4019BE80E6668E7000040D024E2030092CCC2F9FF1AA9018096C2FE823D
:20CE180082BE86BE8BBE0006B2BDAABDA2BDFE065BA859A988A5A8A97D43FF18000183A967
:20CE28001E46A8A9FF1001011EA77E4186A493A392C7964292A17648DAE68D0001009292AC
:20CE3800520160182B9292439641AAA9FF1001011EA78AA293A392C7964292A18346764830
:20CE4800DAE68D0001009292520160049A012B926F169243D500611292A594A358A9AAA9E5
:20CE58000DA08AA98892D1800E9C0FA661039A016F06DD01924354A566F09A00FE8682BE3C
:20CE680086BE8BBE00068F48F8C7761F02EF8D08F8D576C8F8E37688F8F18F08F123A00846
:20CE78003A14C320C22C8F48F1428D08F16176C8F1807688EDDDA80AA0163A22C32E8F08C7
:20CE8800EE01C20C8F48EE258D08EE4976C8E217A8187688E24FA0243A308F08E287C30EF2
:20CE9800C21A8F48E2BF8D08FEC976C8FED2A8267688FEDB8F08FEE4A0323A10C31CC228B9
:20CEA800A83456BF011256BF031E56BF032A56BF033656BF031356BF031F56BF042B56BFE5
:20CEB8000437000658A9A8A98F40BF290DA01EA7B2BD761F02FCD802F601248540296C0E3F
:20CEC80088945633D5007E2B882B28AB0001D801566100A5565100A63F2B41296C049294B4
:20CED800D801962CD1698F40BEC0429D6C21D16D9294CD9DFFF8D8019007CAA8962D92941C
:20CEE800CD2DFFC79007D801FF82CAA8962D9294CD2DFE3F9007D801FF85CAA8962D929498
:20CEF800CD2DF1FF9007D801FF88CAA8962DCD2D0E00CC2D8FFFFF928BBECBA992A0972D31
:20CF08000006D010939492A808A9FED3520D660D560301A888A908A6FDA676C8361006A7B9
:20CF18000DA61EA7C5C776209A149B047648F0E56F36D00B56BF01956F2CD00A56BF019534
:20CF28006F28D00956BF01956F24D00856BF01956F2056BF01FD6F1D56BF01F56F1AD00D19
:20CF380056BF01956F16D00C56BF01956F1256BF01ED6F0F56BF01D56F0C56BF01E56F0947
:20CF480056BF01CD6F0656BF01DD6F0356BF01C5A8A9FF1001178AA91AC400010006B2BD32
:20CF5800AABDA2BDFE06A0A986A48BA58F00C5C0DD0209CD82A9A04283A9A8449A009B0029
:20CF68008AA27648B7D996458F00C5CEB2A983A309341E429A019B20A8448AA27648B7D958
:20CF78009345CBA9C4A18F00C5DC83A39A02DE66C24297459B40A8448AA27648B7D99845B4
:20CF88008F00C5EAB2A983A309981E429A039B60A8448AA27648B7D9CA45520161069A0167
:20CF98009B007648F1046F059A019B037648F104FE8682BE86BE8BBE0006BE00761F0148D8
:20CFA8000200C2001E0276228F00520083A4D012CC94FF805005DD1496121AC5000183A42F
:20CFB8001814FFFB1A140010DD15DC161814FFBF1A1400021A1400081A1400201A140080C5
:20CFC8001A1401001814C1FFCC143FFF1AA98000961418C5FDFF1815FFFE1815FFDFCC1534
:20CFD800FFBF508096151815FFF91AC400021A150010761A0200761F0149C2001E027622D1
:20CFE8008F00524083A4DC15DD1418C5FEFF18C4FFEF761A0006AABD52002FA92BAB864692
:20CFF800612F290188AB560301AB2DA9560301A607A58EA9560302A607A41EA792AC560366
:20D0080001A907A21EA6E2C400C09A0194ACE2AF01C6560301A907A2E70000081EA692ABBC
:20D018009C01E20300C727A992AAE2C400C8E2AF01C6E700000854ABE20300D766D427AA28
:20D0280093AB53046715290192AA9CFF560302A907A41EA792AB560302A907A483A992AB0D
:20D038009C0127A993ABF6032485530468EE86BE0006B2BDD008AABD8895560301A69CFF2E
:20D04800FFC32DA9560304AC0EA9BDA90F127700770077007700E68B00007700E84FC0002E
:20D0580086F5E68E000088A6B600BFAB0F120EAB0FA6611A0EA70DAB07A21EA6560301A796
:20D0680059A92FC6C4A492AAD001FFC7DE0C969E92A172A0DF01D108CCAA00FF9696929D8A
:20D078009EAB54A766E89A01D01D94ACD1089694D01C56BF0194D02056BF0194929D9EAB93
:20D08800560301A99C0D96C486BE8BBE0006B2BDFE02761F031DE2AF000AC44AC548E5A090
:20D09800AD146040761F029FE801F998E2AF0104761F031DE8099998E7000041E2AF030836
:20D0A800E6940019AD14632ED00D0ACC9294602B92CC521068282BCC92C55201601592C760
:20D0B80052016012D00D56BF019406D50FD767061ED492F596EE2BF66F1606D71ED492F7E3
:20D0C80096EE2BF66F1092C5600E92C75201600BD00D56BF019406D71ED492F796EE2BF6C4
:20D0D8006F022BCCFE828BBE0006FE0283A4D014DD02E2AF0195E6940008AD14633ED00C30
:20D0E800E2AF0195E6940008AD146332E2AF01E5E6940008AD146327D010E2AF0195E69464
:20D0F8000008AD14641BD008E2AF0195E6940008AD14640FE2AF01C5E6940008AD14640419
:20D1080018C4FFF06F1ECCC4FFF0500496C46F19CCC4FFF0500596C46F14CCC4FFF0500674
:20D1180096C46F0FCCC4FFF0500196C46F0ACCC4FFF0500296C46F05CCC4FFF0500396C4B1
:20D12800FE820006761F00124310B2BD6C15761F03139208520261065201600E7648EA20EE
:20D138006F0B92075201610456BF01086F05761F00121810FFF7761F001244106C1B761F9E
:20D1480002E49233520260080A321B3207D068122B332B326F0F8F00B92A7648966B761F87
:20D1580002E49234761F001290011810FFEFFF839810761F001245106C108D4070608AA153
:20D168000212DC021AC400027640C49341C96D05761F00121810FFDF8BBE0006761F0010AB
:20D17800CC3A0030FFC35201610B0A3C1B3C0FA068412B3C183AFFDF1A3A00106F3BCC3A40
:20D18800000F5202651452046206761F031CE2AF00126F1152066206761F031CE2AF0024ED
:20D198006F0A761F031CE2AF00366F05761F031CE2AF0000761F00103B01923A8F00041A70
:20D1A800900F560302A91904560100A4CC3A000F933D7648BE4F761F0010923ACD3AFFC0C5
:20D1B8009C01900FCAA8963A900F520964031A3A00400006761F02EF92026134520161413A
:20D1C800520261045203613A6F40761F02E645006C157648C1E8761F029F8F00BF802832E7
:20D1D800FFFF92CCDC027648E6A89A1E9B007648F0E5761F02E61800FFDF761F02A5922169
:20D1E800602456BF01217648C82F761F00121810FBFF761F02A52B21761F02EF56BF0102C8
:20D1F8006F147648D582761F02E292005203600D761F02EF56BF01026F087648F0856F05F6
:20D2080076485F417648D12A000692CDCDC4FFFEC4449001CAA896C440A96C4292D56040F9
:20D21800E801C688E2C401DDE80DB8B8E7000040E2AF03C6E70000187700E20300D488DDC1
:20D228000EED0FA66006E8020200E20300E46F2892F53B019EE585A9BDA90F12770077009B
:20D2380077007700E68900007700E20300E492ED9EDD0EA9BDA90F12770077007700770025
:20D24800E68B00007700E2AF01E4E27400087700770077007700E6950000E20300E40006E4
:20D25800FE0252006024761F02E22B0B0A0A920A761F01FC1A0C0100521469160EA9BDA9C6
:20D268000F16770077007700E850D200E68B00091A0C0200E6940001AD14642C761F02E22B
:20D278002B0A0A0C6F271A0A02006F2452016022761F02E22B0A0A0B920B521469170EA92A
:20D28800BDA90F1677007700761F01FCE850D200E68B00091A0C0100E6940001AD14640A26
:20D29800761F02E22B0B0A0C6F05761F01FC1A0A0100FE820006C4A4B2BDDE0F92CEFFC716
:20D2A800613552016124520261125203603DD00CE801EE6056BF0195E2C401D6E80E666840
:20D2B800E7000040D00EE20300956F2ED108D011E801E11856BF019DE2C40194E80EB850B2
:20D2C800E7000040D00AE20300956F1ED01156BF01E5E801E118E2C40194E80EB850E70060
:20D2D80000407700E20300F56F0FD01156BF01C5E801E118E2C80194E80EB850E700004025
:20D2E8007700E20300D58BBE0006B2BDAABD86A48D000104929252016040761F029892013B
:20D2F800520160078D00010592929CFF5208672F920160078D00010592929CFF52106727DE
:20D308008D0001055D92AAA90984DD818AA988A5AAA9FF11008383A9930192A67648E677EC
:20D318008D4001048D0001062B9A92925201610A9A006009AAA909848AA99A807648F7E41F
:20D328006F0C2B929A037648F3056F078D0001049A062B927648F30586BE8BBE0006B2BD3D
:20D33800AABD9A03A2BD82A58B4C864A7648F3A988A90EEB0FA66105D0832B932BDB6F3649
:20D34800D08356BF019392DBCDC1FDFF9001FF888D000492CAA896C193DBCCA9FEFF91025B
:20D35800FF96CBA997C1CCDB0004FFC196928D00049CCCDB0008FFC296928D0004A6CCDB1E
:20D368000010FFC396928D0004B0CCDB0020FFC496928D0001CBCCDB0040FFC596928D00FF
:20D3780001D9CCDB0080FFC6969282BE86BE8BBE00065207BE006102BE0193A995A688A8F4
:20D3880093E4530161035302603E76225207610E29018F40C4B0560301A9560100A50297FE
:20D3980007C583A91AC500046F09761F014A1A150010761F01EA1A32000256BF02E492ECBC
:20D3A80052016112520261105203601C29018F00C4B0560301A6560100A4029B07C48AA946
:20D3B8001AC400046F0F29018F40C4B0560301A6560100A5029707C583A91AC5000456BF03
:20D3C80002EC761A0006B2BD56BF01DCE801D418D00856BF07E483A4C5A4D10A56BF01EC46
:20D3D80028F4044CE808937829012BFC289403E8D009DD22DF0B2894FFFFD00B289CFFFFBD
:20D3E800D11A28940168E2C401F4D01CE7000041E801D418E203019CE2C801FCE80893786D
:20D3F800E7000040D108E2030094E801D418D009E2C8019CE8089378E7000040D11EE203B1
:20D40800009CD10A2594D0221E94D0240E9C560100C592C796948BBE0006FE02D0AC8F0099
:20D41800B1009294900F5203601AA8A9FF11008D1EA7A8A9FF12004F1EA6A8A9FF1100B571
:20D4280083A9A8A9FF1200638AA918C7FFFD18C6FFFD18C5FFFD18C4FFFD6F27761F02D657
:20D438007680B0608F00B20E8F40B586E2AF0006C2427648A7AF761F02D67680B05C8F00C8
:20D44800B25E8F40B58CC242E2AF000E7648A7AF8F00B1B88F40B5747648632E8F00B2D09D
:20D458008F40B5927648FA4AFE820006B2BDAABDA2BDFE0286A459A9761F02FDD0908F0032
:20D46800BEC0929A9610A842D901CC94000EFFC0FF809C078F00BF515BA9AAA90DA183A971
:20D478000EA37648F2E892A372A1761F02FD929A961ED90140106C148A42CCCC0F00FFC7AC
:20D488005201610E889A5633D4007E1F5D1F28AB0001D901566100A4565100A53F1F441023
:20D498006C09AAA90DA11EA7D9028F00BF60F6012484FE8292A182BE86BE8BBE0006B2BD1C
:20D4A800AABDA2BDFE02D01C82A4C44E8BA5864C0693D01AC2420F9366338AA283A2DC0C7D
:20D4B8007648F7AF8AA283A2DC2E7648F7AF44C36C04E2AF00F36F03E2AF00C1E20300E3AA
:20D4C800E2AF01F2E2AF00E3D008D10CE6970008E20300E3E2AF00E3E2AF0192D00AE6965C
:20D4D8000008E20300E306E31ED31AC3000206E31E9B06E31E938A4206E31EC46F05020161
:20D4E800DB1A560100C3FE8282BE86BE8BBE0006B2BDFE02761F00129216C44AC548FFC129
:20D4F800CE1642A96C3B761F029FE801EE60E2AF0104761F031DE80E6668E7000041E2AF69
:20D508000008E6940001AD146529D00D0ACC929460261BCC2EE0682328CC2EE092C55201A6
:20D51800601E92C75201601BE8504800D00DE68C000056BF0194E21300EEE2AF000AE8501F
:20D52800B2007700E68C00007700E21300F606D50FD7680206D71ED46F022BCCFE828BBEBB
:20D538000006B2BDAABDA2BDFE0A761F00128BA98E5EC55AA04482563A4AC3468E5C9216CF
:20D548008654C5583A4860112BCAD00D2BCB929252016004D00D2B92B2D2D00D92935201C3
:20D558006004D00D2B93B2D3D00D56BF8D415D94B2A98AA77648E9F356BF91418A44D00DC6
:20D56800B2A95D948A467648E9F3D00D56BF9341B2A95D928A487648E9F3D00D56BF9441AA
:20D57800B2A95D938A4A7648E9F3FE8A82BE86BE8BBE0006761F02E2920061215201610935
:20D5880052026040920C5205683D56BF03006F3A8F00B92A7648966B761F02E4923352026F
:20D5980060319234761F001290011810FFEFFF839810761F02E256BF02006F24761F0313D6
:20D5A80092085201600C7648F976FF204E1E7640C493761F03139208520161F69207600558
:20D5B800761F00121A100008761F00129210FFC0CA1041A96C039A026F029A01761F02E21E
:20D5C80096000006B2BDAABDA2BDFE028BA48F40B5468F00B100D91CB2427648F3DD8F0033
:20D5D800B12C8F40B54CB24276488BF78F00B1528F40B55AB2427648BBC6761F02C6922C94
:20D5E800900F5203600A7680B56E8F00B1868F40B1ADC2427648C3D78D40B1008D80B340DF
:20D5F8008AA183A276486949D0AC9291900F5203610D8DC0B0408AA183A2A24276484CE6F1
:20D608008AA183A2A2427648599FFE8282BE86BE8BBE0006FE02CCCCFFF05004B60096CCD2
:20D6180092C59007611B29019A039EA7560302A907A51EA6E2AF01D4E2AF00D6E6940001C0
:20D62800AD146406DF0192A7520468EF6F0792A7CDCCFFF0900FCAA896CC92C59038611FA8
:20D63800B60029019A039EA7560302A907A51EA6E2AF01D4D012E2AF0096E6940001AD14F1
:20D648006206DF0192A7520468EE6F0928A8FFF8CCCCFFF09FA7910FCBA997CC7648ADCDDA
:20D65800FE820006B2BDAABDFE02C5A5D00A92979CFF560304A90EA9BDA90F12770077001C
:20D6680077007700E68B00007700E84FC0007700E68E0000D20087F7BFAB0F120EA20DABA7
:20D67800C4A407AC83A9560301A2DA0159A92FC55DA292AADE0CD001BDA50F12FFC7969E0B
:20D6880092A172A0E68B0000CCAA00FFE81208009696AD1464E4DF0AD01DD12092C79694D6
:20D69800D01C2B94FE8256BF019C56BF1DC486BE8BBE0006B2BDFE0288C42FA90ED50FA6E1
:20D6A80060388D000117929447A96C39D01C9395600650088D00011796946F31B600C4A50A
:20D6B800560301A759A9D001DE0C5603089E93A173A0939688A727A992AA72A691FF73AB24
:20D6C800A8A90DA61EA6D00F88960EAB0FA66011DF010EA7BDA90F127700770077007700A6
:20D6D800E68B00007700E8120800AD1464D96F07A8A9FF1001178AA91AC40008FE828BBE7A
:20D6E8000006B2BD8D00B98076C0B9C0AABD7680B9408D40B9548F40B8848F00B92AA2BD2C
:20D6F800F6232B808D80B8C08DC0B881F6732B878D00B89AC5A1F6132B868D40B88E768020
:20D70800B8B2F6012B858F40B91CF6112B848F00B88AF6212B8776C0B8A6F60B2B818D40EE
:20D71800B8CCF60B2B80F60B2B87F60B2B86F60D2B85F6022B84F6002B83F60B2B82F60BAF
:20D728002B817648F95C82BE86BE8BBE0006FE0292CDCDC4FFFEC4469001CAA896C440A912
:20D738006C3BE2AF00E6E811FC00AD146117E70000017700E8CFE00977007700E277000936
:20D748007700770077007700E27400087700770077007700E20300D46F1FE801E118E2C8D8
:20D7580001D5E80EB850E70000407700E70000017700E8CFE00977007700E2770009770079
:20D76800770077007700E27400087700770077007700E20300D4FE820006B2BDAABDFE02ED
:20D7780086A492C240A96C3943A96C3AE2AF00C5E2AF01D2D008E700000842A9E203009210
:20D788006D1641A96C10E2AF02E2E5A2AD14650BD008E2AF01F2E2AF00927648EF1FE2033B
:20D7980000F26F11D00806921EF26F0DD108D00CE2AF01F2E2AF009AE2AF02927648F58047
:20D7A800E20300F2D00AE2AF00F2E2AF0192E6970008E20300F26F04D00A06921EF2FE8238
:20D7B80086BE8BBE0006B2BDAABDA2BDFE02A8A986A48BA509FC82A98AA97648609C8D0034
:20D7C8000117929141A96D1A42A96D0DB2A9FF12004D83A31E42AAA9FF10011F8AA976487E
:20D7D800F9F06F23B2A9FF1001178AA983A118C4FFFB8AA27648F9696F18939192A8FFC215
:20D7E800CEA847A96C12AAA9FF10011F86A9B2A9FF12004D8AA98F40A640F6222B82F60B25
:20D7F8002B848AA17648C0BCFE8282BE86BE8BBE0006B2BDAABDA2BDFE088BA45BA8E590C8
:20D808005CAD96449B017D455A512B439A04DC83E20300425CA47648F8FF92432D44FF6226
:20D81800900196438843B2480EC159450FA66123C548934397C793435301601D5CAD92A3F5
:20D828009B01DC825CA47648F8FF0EA2BDA90F128348E2AF0142D0088AA5E68B000092A1B0
:20D83800E70000089B01E68E0000DC09E21300957648FA3FFE8882BE86BE8BBE0006B2BDA3
:20D84800AABDA2BDFE0688AD82A986A5DE8688A676C83532761F00128BA4F6032486451660
:20D858006C22D00D9291601FD00D5CAD9A0A9B0256BF0191DC865CA47648F8FFE2AF0046E7
:20D86800E850B2007700E68C00007700E21300F2E2AF0044E850B2007700E68C0000770050
:20D87800E21300EA761F001292166003D00D2B91D00D56BF9241A2A98AA25D917648E9F3A2
:20D88800FE8682BE86BE8BBE0006FE0292D490075201603D761F02F6E2AF000A761F031C60
:20D89800E2AF0100E6940001AD146231761F02F7E2AF000A761F031CE2AF0112E694000113
:20D8A800AD146225761F02F8E2AF000A761F031CE2AF0124E6940001AD146219761F02F93D
:20D8B800E2AF000A761F031CE2AF0136E6940001AD14620D83A4D02ADD2A0AC5929452021D
:20D8C8006808D02A2B947648FEFF6F03D02A2B94FE82000627A976225207611C290176804D
:20D8D800C4B0560301A907A683A928AA0001029B07C51EA792AA94AB2FA9560301AA07A6DB
:20D8E80083A91AC70004029B07C583A91AC500046F1A29018F40C4B0B600560301AB761F51
:20D8F800014ABE00D0003100560100A5C308029BC20A3A04A9061815FFEFC30007C583A913
:20D908001AC50004761A92E45202600356BF03E492EC5202600356BF03EC0006D01A761FA5
:20D9180003140694D01E1E000694D0221E060694D0261E0C0694D01C1E120694D0201E0268
:20D928000694D0241E080694D0281E0E06941E14E2AF0000E2AF0102E70000087700E20331
:20D938000004E2AF0108E2AF0006E70000087700E203000AE2AF010EE2AF000CE700000819
:20D948007700E2030010E2AF0114E2AF0012E7000008D02AE20300160694D02C1E180694C0
:20D958001E1C0006FE025CAD9A049B012B41DC815CA47648FA3F5CAD9A039B01DC815CA4CD
:20D968007648FA3F5CAD9A259B01DC815CA47648FA3FE801E1185CAD761F02E7E2C401419F
:20D978009A839B01E80EB850DC81E70000405CA4E20300107648FA3F761F02E75CAD92410E
:20D988001812FDFF9B019001DC81FF8898125CA49A7F7648FA3F761F02E792411812FBFF19
:20D998009001FF899812FE820006FE02E6880002E801FA71E80225D8E6890012E80A000107
:20D9A800E700008AE80C0000E6940002AD14651FE80226D8E8088000E6940002AD14650C33
:20D9B800E80226D9E8020948E80217D3E8088001E80CCCD06F11E80225D9E8020908E80209
:20D9C8001643E80C0001E80CCCD06F06E8021FD1E8020900E593E720005177007700E2740B
:20D9D8000008770077007700FE82E71000C00006761F02C6922DC5A4B2BD761F02C88F4063
:20D9E800B1008D00011ADF098D40013C96C70602761F02C71EC4063E761F02C61ED4060294
:20D9F8001EE492959002D008FF82CD94FFEFD008CAA893A9CDA8FFDF9694D008929D900210
:20DA0800FF838D40016ACAA893A9CDA8FFBF9694D008929D90028D40018CFF84CAA8969427
:20DA1800D008CCA9FF7F939D9102FF95CBA997948BBE000658A9A8A90DA01EA78F40BF0389
:20DA2800761F02FCD805F604248540036C0E88945633D5007E08880828AB0001D80156611A
:20DA380000A5565100A63F0841036C049294D801960942036C049294D801960A43036C0934
:20DA4800A8A90DA01EA7D8028F40BF0BF601248546036C049294D801960D45036C049294AF
:20DA5800D801960E47036C059294D801960F6F03280F4E2092A00006B2BDAABDA2BDFE024E
:20DA680082A48BA5A842864CDB0F92CB96D992D97648FFAA96E18A4292E19EF488A9290161
:20DA7800FF20FFFE0FA661039A076F2392D9520161039A046F1E92D3C5A196F192DB96F98B
:20DA8800DF0892E396C7C5A192EBDF0996C7C5A192F3DF0A96C7C5A192FBDF0B96C70642EA
:20DA9800FF1001178AA99A001ACA000A1AC40001FE8282BE86BE8BBE0006B2BDAABD86A45A
:20DAA80092E25201611C520261135203610A5204601CD183D08456BF2A9A56BF20926F15F4
:20DAB800D183D08456BF269A56BF1E926F0ED183D08456BF269A56BF1A926F07D183D08433
:20DAC80056BF269A56BF1692D184D083939A9A099592D00A73A0DC03D18594A89394979A57
:20DAD800DC017648F3A980A9D085BE000E920FA76002BE0186BE92A68BBE0006B2BDAABDA3
:20DAE800A2BDFE0A964582A49741A04A92549644925396437648F9B492419642A24892459F
:20DAF8008A48864AD3009641F67F2B849243611F92A3944259A98AA25D44560301A193A938
:20DB080092417648A4FC8A48969C92C252016106DB01924354A366ED6F0A7648F8067648CC
:20DB1800F976761F00121A0000106F057648F8067648F976FE8A82BE86BE8BBE0006B2BD86
:20DB2800AABDA2BDFE02A8A9FF10010156BF80411EA786A58BA482A492C79642A8A9FF1801
:20DB3800000183A99A069B007648DAE68D000100BE009293601BC5A12BCA92C796D280D28D
:20DB48002901FF20FFFF0FA7610E9A0194A658A9AAA90DA688A080918AA992A67FDC527FA5
:20DB580068F56F0A56BF01C26F0792915201600456BF01CA2B91FE8282BE86BE8BBE0006C0
:20DB6800B2BDFE02D05E4095C44AC5486D0DD0299294900F600418CFFF006F31CCCFFF0054
:20DB7800500A96CF6F2CE2AF01C6E2AF02E7E801EE60E7200051E80E6668E6940001AD14D2
:20DB8800620C92CFCDA900FF6118CDA9FF009CFF90FFCAA896CF6F1193CF9A0194A890FF02
:20DB9800CDA8FF00CAA8CDA900FF96CF53146405CCA9FF00501496CF06C61EE7FE828BBE06
:20DBA8000006761F02E440286C3D1828FFFE02011A2800025601001E02140F1E661BBE0050
:20DBB8000201C21E1A28007056010024FF2002580F24660502001E241A2802000201560144
:20DBC8000026FF2017700F26660502001E261A28040002015601002002C80F206608BE00A6
:20DBD8000201C2201A2800805601001C020156010022FF2007D00F22660502001E221A2881
:20DBE80001000006D00F9294FFC75202620852026128520061345201612E6F345203610787
:20DBF80052FF6030DD3E1AC500106F2CC4A5C5A5DC0FDE3EDF2F1AC6000892CC96C7C5A592
:20DC080092D4DF3096C7C5A592DCDF3196C7C5A592E4DF3296C7C5A592ECDF3396C76F12BF
:20DC1800C4A5C5A4D01CDE3EDF101AC6000492C796956F08DD3E1AC500026F04DD3E1AC5DB
:20DC2800000100069B005204620A5204611C520161325202610C520361106F3352056119C5
:20DC38005206611D9CF9520169206F2B761F0106CC150002FFC06F26761F010ACC15000493
:20DC4800FFC16F20761F010ECC150004FFC16F1A761F0112CC150040FFC56F14761F0116DF
:20DC5800CC150040FFC56F0E761F011ACC150040FFC56F08761F0102CC150002FFC093A9C8
:20DC680092A80006FE0292CDCDC4FFFEC4469001CAA896C440A96C23E2AF00D6E5A0AD14E3
:20DC7800600EE801D418E2C801DDE8089378E7000040E2AF03F6E70000186F06E2AF01F619
:20DC8800E70000407700E20300D406F61EF4CCC50004CDC4FFFDFFC0CAA896C4E801DD188C
:20DC9800E2C401E5E80EB850E3020AF6E801C68BE7000051E80DB8BBE7000058FE82E2037F
:20DCA80000E40006B2BDFE02D165D067BE0029012B9C2B9492DC94A6520A68029CF65603CF
:20DCB80001A98F40C698560100A5761F0318E2AF0022E2AF01C5E72000087700E81202003D
:20DCC800AD146514E2AF0120E801F998761F031DE8099998E7000040E2AF0308E6940003BF
:20DCD800AD14640483A4DD650AC5DE0192A6520368D2D06592946104D06756BF0194FE8204
:20DCE8008BBE00061EA618A9FFE0FF30C544FF1A001F8AA992A6901F2DA90201563BFF5A1C
:20DCF800762292A742A96D0883A4A9A9FF55DD12C0C5C1CD6F0783A492AB93AADD1298C5A9
:20DD080099CD88A740A66D0883A492AB93AADD0C98C599CD6F0783A4A9A9FF55DD0CC0C50D
:20DD1800C1CD92A741A96D07A9A9DC10FF55C0C4C1CC6F06DC1092AB93AA98C499CC761AF7
:20DD28000006E20304BDE801DD18E801F80CE801F7C3E801FBE2E801F741761F02E5E80E68
:20DD3800B850D01CE80A3D74E80A8F63E80947B2E80FAE19E2030000E801FBA0E203040254
:20DD4800E80BD708E2030304E2030206E2030108E203000AE801DC700694E80BC1A8D01E1A
:20DD58001E0CE2AF0194E70000407700E850AD00E2AF04BEE2030010E203010E2B12000659
:20DD68000200761F00308F000C0019011E02761F03128F400C100200A818761F00302B06B2
:20DD780019012B071AE400101A040020761F00308F000C081E0A761F0030020019011E1252
:20DD8800761F003002002B0E2B0F761F0312A820A0281E1A761F00302B162B17761F0030C2
:20DD98001AE400101AE500101A0C0020761F00301A140020761F03121E2A1E220006B2BD4E
:20DDA800AABDA2BDFE0882A48BA586527648DB2792C9602892C161125201602C8AA1764830
:20DDB800FFD083A1AA428AA37648E9C68AA17648F5DA8AA37648ED246F1D8F00A000A84873
:20DDC800064883A11E428AA3AA447648D3378F00ADC0064883A11E42A844AA4676486F09A6
:20DDD8006F0992C9520160068AA17648FFD07648F5DAFE8882BE86BE8BBE0006FE021EAC37
:20DDE80092C52F455201611752006030D00A92955201600E0201560100E5FF205DC00FE572
:20DDF8006607BE00D00A02002B95C2D51EE502001ED56F1CD00A929560170201560100D583
:20DE0800FF205DC00FD56610D00ABE00C5A5020056BF0195C2D5DF081EE527C7C5A53FECB1
:20DE1800DF0927C73FF402001EE5D00A5741ABA95D957648E9F3FE820006B2BDFE021EA7D0
:20DE28009247C44A5201610C02002BC4D0081ED492945201602FD0082B94C3E46F2BE2AF07
:20DE380001C6E6940008AD1465230201560100D492C46014020056BF01C41ED4C3E4E2AF3A
:20DE480001C6E8504809E8504800E68C0009E68C0000E21301EDE21300F58F40EA60A0A9CE
:20DE58000FD46608D008A0D456BF01946F0302001ED4FE828BBE0006B2BDAABDA2BDFE02F9
:20DE68005BA9A8A98D00010186A4FF18000183A91E4292A393927648E6778D0001009292C1
:20DE7800520160148D4001008D0001012B9A92A38AA2834293927648E6778D000100929289
:20DE8800520160049A012B926F11D000AAA90DA08AA98892D1800E9C0FA661039A016F06AA
:20DE9800D80192A0528068F39A00FE8282BE86BE8BBE0006E20304BDFE0A88AD58ADC5A4F4
:20DEA800DE8688A6D88AF60324865CA0C5A5F6032484E2AF014AE2AF0246E694000AAD14C2
:20DEB800611AE2AF0146E2AF034AE2AF0244E322DC48E72000A477007700E27400E37700D0
:20DEC8007700E72000407700E70000C07700E71000806F0BE2AF0048E2AF0144E710004010
:20DED8007700E84FC0007700FE8AE2AF04BE0006B2BDAABDFE0286A492F25208601AAAA9B9
:20DEE800FF12004D1E42AAA9FF13002383A97648944F8D000118929252FF61248D00013E9B
:20DEF800761F02E92B9256BF010156BF01026F1AAAA9D00FFF12004D8D40013E1EA7761F1F
:20DF080002E992928D00013A96C756BF03CFC3928D00013C56BF02922B9A56BF010156BF25
:20DF18000102FE8286BE8BBE0006B2BDAABD86A4D1008D00010156BF0192AAA98D000101E9
:20DF2800FF1800015D928AA99A029B017648A4FC8D000100929252016023D90192A12B92B7
:20DF3800520368EC8D000101D1002B92AAA98D000101FF1800015D928AA99A029B017648F1
:20DF4800A4FC8D00010092925201600AD90192A12B92520368EC8D00010156BF019286BEBC
:20DF58008BBE000627A993AB5310680328AB000F761F029A921A2BAC761F02B593AB9600C8
:20DF68006125290192AC560301A907A58EA9BE06C5C036A67680AD41560100A692CF96CEFA
:20DF7800C5C093C797C6C5C092D796D6C5C092DF96DEC5C092E796E6C5C092AC9C012DA9D9
:20DF880093EF97EE93AB55A966DE2DAB8F40AD40D0083506A0F49C0196940006B2BDAABD14
:20DF9800A2BDFE085BA89642A046A8485952925196447648F9B4D20006487B4382461E4676
:20DFA8009244612092A2944358A979418A46560301A05DA9934292948AA37648B84C92C32D
:20DFB80052016106DA01924454A266ED6F0B7648F8067648F976761F00121A0000102BC373
:20DFC8006F057648F8067648F976FE8882BE86BE8BBE0006B2BDAABDA2BDFE04761F0012A5
:20DFD800E590411686A58BA482A9E20300446C1CD00D92916019D00D5CAD9A099B0156BF74
:20DFE8000191DC845CA47648F8FFE2AF00448AA29A10E85048009B01E68C0000DC06E21362
:20DFF80000EA7648FA3F761F001292166003D00D2B91D00D56BF8E41A2A98AA25D917648F9
:20E00800E9F3FE8482BE86BE8BBE000688A892A4CAA661032BAC6F0328AC000876228F47FA
:20E018000166761F01D092C5933BFF628F4701673CA8973B761F01D492C5933BFF623CA8CD
:20E02800CCA60001973B761F175DCD28FFFECAA89628CC28FFFB80A9560302A6CDA40001DE
:20E038009007FF97CAA79628CC28FEFFCBA9CCA40001FF899728CD28FBFFCAA89628761AA0
:20E04800000658A9A8A90DA01EA78F40BF2E761F02FCD808F6072485402E6C0E889456338C
:20E05800D5007E36883628AB0001D801566100A5565100A63F36412E6C09A8A90DA01EA7EF
:20E06800D8028F40BF37F6012485422E6C049294D8019639462E6C049294D801963A472E83
:20E078006C09A8A90DA01EA7D8038F40BF3BF602248592A00006B2BDE20304BDE20305BD17
:20E08800FE0E88AD59ADC5A458ADDE8688A6D98A06585CA1F6032486C5A5D88EF60324845F
:20E098005CA01EA7F6032484E2AF0046E2AF034EE2AF0144E320DA48E322944AE328054C13
:20E0A800E7200069E700009AE70000087700E71000809A00E5A0AD1465029A01FE8EE2AF8B
:20E0B80005BEE2AF04BE8BBE0006FE02E2AF00E5E5A0AD14620CE825FC00E20300E5E2AF55
:20E0C80000E5E835FA00E20300E56F0DE2AF00E5E831FC00E20300E5E2AF00E5E821FA0028
:20E0D800E20300E541C46C1AE2AF00E5E70000017700E8CFE00977007700E2770009770097
:20E0E800770077007700E27400087700770077007700E20300D418C4FFFDFE820006B2BDF3
:20E0F8008BA57648987B88C180A62901FF20A55A0FA7611580C92BAA27A70FAB611088A6DF
:20E10800FF20FFFF0FA6600988A70FA660067648C1E828D1FFFF6F062BD16F1A8AA1764831
:20E11800F90D8F00BF8092CCDC027648E6A8761F02B452009600610A88D12901FF20FFFF4D
:20E128000FA6610628D1A55A6F0328D110108BBE0006B2BD8F00C4C2761F0313AABD76C716
:20E1380001B38D40C5808D00C5407680C700A2BD8F40C6408D80C5C0F6072B848DC0C6002D
:20E1480056BF01088F00C4CA2804080092C7C5A196058D40C680F6192B848F00C780F62B26
:20E158002B80F62D2B87F6652B86F63D2B85F63D2B83F6372B82F6412B817648F83982BE6B
:20E1680086BE8BBE0006520058A9BE002DA8610E2901A8A90DA683A980FDFF20FFFF0FA705
:20E178006026DE0192A054A666F59A0194A088A952076709A8A90DA683A9DE0192A6520732
:20E188002BFD68F928A9FFFF83A4FF66FF5E93A980A9DD07CF9597950EA80FA76008A8A938
:20E19800FF1001178AA91AC400806F07A8A9FF1001178AA918C4FF7F0006FE021EA6924593
:20E1A8005201610E5200603202002BC4D0081ED492945201602BD0082B94C2E46F27E80136
:20E1B800F260E2AF01D5E80E6668E6940001AD14631BE2AF00C5E8120500AD14631502017F
:20E1C800560100D492C46006020056BF01C41ED4C2E48F41D4C0A0A90FD46608D008A0D492
:20E1D80056BF01946F0302001ED4FE820006E2AF01C5E7000041C444E20301C4E2AF01C40A
:20E1E800E2AF02C6E70000517700E20301C4E2AF01D5E70000417700E20301D4E2AF01D43F
:20E1F800E2AF02D6E70000517700E20301D4E2AF01E5E70000417700E20301E4E2AF01E4DF
:20E20800E2AF02E6E70000517700E20301E4E2AF01F5E70000407700E20300F40006B2BD91
:20E21800AABDA2BDFE087680B6808D4004928D80A2528DC0049B8F40A09528A903E887A6B1
:20E228008AA1AA42C244A246764882877680049C8F4004CE9A6428A807D08F00BBC3A84831
:20E23800AA42C244A04683A17648E440B24228A903E89B018F00BD80ABA5A244A8468A48DA
:20E2480076489DD9FE8882BE86BE8BBE0006B2BDAABDA2BDFE087680B7008D4004938D80D0
:20E25800A2C48DC0049D8F40A09828A903E887A68AA1AA42C244A246764882877680049EFE
:20E268008F4004D09A6428A807D08F00BBC4A848AA42C244A04683A17648E440B24228A9AD
:20E2780003E89B038F00BDC0ABA5A244A8468A4876489DD9FE8882BE86BE8BBE0006B2BDFF
:20E28800AABDA2BDFE087680B7808D4004948D80A3368DC0049F8F40A09B28A903E887A64F
:20E298008AA1AA42C244A24676488287768004A08F4004D29A6428A807D08F00BBC5A848B7
:20E2A800AA42C244A04683A17648E440B24228A903E89B078F00BE00ABA5A244A8468A48E3
:20E2B80076489DD9FE8882BE86BE8BBE0006B2BDAABDA2BDFE087680B8008D4004958D805D
:20E2C800A3A88DC004A18F40A09E28A903E887A68AA1AA42C244A24676488287768004A29B
:20E2D8008F4004D49A6428A807D08F00BBC6A848AA42C244A04683A17648E440B24228A937
:20E2E80003E89B058F00BE40ABA5A244A8468A4876489DD9FE8882BE86BE8BBE0006B2BD0C
:20E2F80092DC52016033E801D418E801D41BE2C401F4E801D41AD01A83A4C5A4E80893781E
:20E30800D11CE808937B2901E7000041E808937AE2030194DD22E2C801FCDF0BE700005872
:20E31800D008E203009CE2C80194D109E7000050D01EE2030094D022259CD10A1E94D024A1
:20E328000E9C560100C592C796948BBE0006B2BDBE008BA5AABD86A476C0BF8006A70DA67A
:20E338001EA7AAA90DA68AA9D08092C79694B2A90DA68AA9DE0192C796E492A6528068EDA2
:20E348009A038AA29B007648C8DF83A19A049B008AA2DD017648C8DF92C9CAC160072BD1D7
:20E358008AA19A037648EF656F0728D1A55A9A008AA17648EF6586BE8BBE0006761BFFF073
:20E368000005ABBDA8BDA0BDC2BDC3BDE20000BDE20300BDE20301BDE20302BDE20303BD3A
:20E37800E6300600FF69294256167648FA08761F01481A1800021A180001761F0033E2AFCC
:20E3880003BE56BF0821E2AF02BEE2AF01BEE2AF00BEE28000BEC5BEC4BE83BE8ABE87BE93
:20E3980000033B30FFF176177602761F02B4B2BD56BF010193C55301611C530261135303E9
:20E3A800610A5304601CD183D08456BF2A9C56BF20946F15D183D08456BF269C56BF1E9401
:20E3B8006F0ED183D08456BF269C56BF1A946F07D183D08456BF269C56BF1694D184D0832A
:20E3C800939C95949FA988A82901FF20FFF70FA661022B018BBE0006B2BDAABDFE0286A493
:20E3D800D080929240A96C2B41A96C19AAA9761F029809831EA78801D181D08292C7964192
:20E3E800AAA97E42FF11008383A9929A93927648DF96AAA909808AA918C4FFFD8D00010644
:20E3F800929260059A007648F3056F049A037648F305AAA9098086A918C2FFFEFE8286BEC0
:20E408008BBE0006FE02A8ACC5A5FF5ADC708F40C700CCFF0002FFC09641A9A97648E1A5B3
:20E41800D008ABA48F40C712CC970002FFC0DC7A9641A9A97648E1A5D0098F40C724CC9738
:20E428000002FFC09641ABA909848AA9A9A97648E1A5D00A8F40C736CC970002FFC09641F1
:20E43800ABA9098E8AA9A9A97648E1A5FE820006B2BD27C52FA843ABC54A8E48C4466C2CE3
:20E4480044AB6D2A0AC793C727A85301611693AA55AB66220AC02BC754C0660B96C092C5B6
:20E45800D05C501018A9FFF796C556BF01966F1418C5FFF72BC46F10761F031EC5A6D15A4A
:20E4680006021E9EDF5792C7C5A6D0639696D064DF5892C796968BBE0006B2BDD012E022E5
:20E478000CBDD114E20300C4E20301D4E2AF02E4E2AF0494D008E308489CE3008394E7103B
:20E4880000C9D10CE7200008D00AE20300F4E2AF00F4E2AF0194D008E6970008E20300F42B
:20E49800E2AF00F4E2AF019CE6960008E20300F406F41E9406D41EE4E2AF00F4E2AF04BEF4
:20E4A8008BBE0006B2BDD1007622761F01F01A0B0800761A761F01FC02621A01080076401B
:20E4B800C493761F01FC02621801F7FF7640C493D90192A1520A69EF76228F407C008AA508
:20E4C800761F01F0D009DC0D18C4FBFF180DF7FF1AED00301A0500C0CC95FFDF50109609A7
:20E4D800CC09FF7F50409609761A8BBE0006B2BDFE02E2AF01C4E2AF02E4E7100089D00A2D
:20E4E800E20301C440946C1506F4C4A4D009D1081EC5DE080AC69294549C6907E2AF01D57B
:20E4F800E6940008AD146215DC0A18C4FFFE6F11E2AF01D4E2AF00C4E6970008E20300C422
:20E50800E2AF01C4E2AF00C5E6970008E20300C5FE828BBE0006FE021EA693C49245530103
:20E51800602D5200602BE2AF01C5E6940008AD1465220ACC93CC5308670DE2AF00D5E811F5
:20E52800FC00AD146407E2AF00C5E8120500AD1464052BCC2BD42BC46F110AD493D453042B
:20E53800680DD00856BF0194C2E49A012BCC2BD42BC46F042BCC2BD42BC4FE820006B2BD59
:20E54800FE027648F94F7648FF3B8D40A5008AA17648DF1D7648FF338F40A6428AA17648CE
:20E55800EAF78F40A6728AA17648EB218F000490A8428F40A6988AA17648DDA78F40A720C9
:20E568008AA17648F61C7648FFBC8F40A7F08AA17648E0F78F40A8748AA17648ECFFFE82BA
:20E578008BBE0006B2BDAABDA2BDFE085BA85AA9A046A8487648F9B4D1007A427B4386469B
:20E58800824892439641560301A18AA25DA99342929B7648B84C92C25201610AD90192A1ED
:20E59800528068F07648F8067648F9766F0A7648F8067648F976761F00121A0000102BC230
:20E5A800FE8882BE86BE8BBE00067622BE00761F01F0B60002008F407C002901C23C761F5E
:20E5B80001F1BE00C33C761F01F71E3C92A6901F5206610B92A652236108523061065603AA
:20E5C80001A907A58AA9C3C4DE011BA6010068EF8F407F00BE00290192A6560301A907A50E
:20E5D8008AA9DE0192A6C3C4521D68F7761A0006FE02761F00121EA746166C1DD00D92949A
:20E5E800601AD00D761F031D56BF0194E2AF0008E85048007700E68C00007700E21300ED02
:20E5F800E2AF000AE850B2007700E68C00007700E21300F5761F001292166003D00D2B94E6
:20E60800D00D56BF9541889406A78AA55DA67648E9F3FE820006B2BD83A4C5A4D044D11219
:20E61800DD4FDF1318C5FFFD56BF0194D04556BF0394D04692C7C5A429018F40B642969C85
:20E62800DF4792C79694D01206D41EC492949CFF560301A9560100A5D114D04606C51E9C4B
:20E63800929452026009D145761F02A6D01056BF019C06081E948BBE0006B2BD8BA4AABDE6
:20E648007680FFFFD20093F15301610EB2A90DA2090F8AA992A67648F569DA0193F19DFF01
:20E6580088A955A266F45DF1B2A9DD810DA58AA988A6D00F0E940FA660088D000117CC9166
:20E66800FDFF1AA904006F088D00011792911AA90200CCA9FBFF969186BE8BBE0006B2BD33
:20E67800AABDA2BDFE0259A982A486A597427648F9B48AA37941D100F67F2B84560301A14E
:20E6880093A98AA25D4292417648A4FC969B92C25201610AD90192A1528068F17648F80603
:20E698007648F9766F097648F8067648F976761F00121A000010FE8282BE86BE8BBE0006B0
:20E6A8007680BEC0B2BDC5A483A6AABD59A986A4F6A92B858F40BEC093C797C592CF96CD34
:20E6B8009A0293CEFFDB53026017761F02FBCD010F00FFD75302621093A1530269088AA26D
:20E6C80076489F2154A1660854A168FA761F02FD9229520F61039A006F029A0186BE8BBEB3
:20E6D8000006FE02D00840946D2CE2AF01E4E6940008AD14640CE2AF01D4E6940008AD1405
:20E6E80063060AFC1BFC0FA067166F1BE2AF01D4E6940008AD146413E2AF01C4E6940008DE
:20E6F800AD14630D0AFC0AF41BFC0FA0670492F452646807DC081AC400016F032BF42BFC76
:20E70800FE820006B2BD8BA5BE00AABD86A4B2A90DA68AA9AAA90DA609801EA7DE0192DC9B
:20E7180096C792A6528068F49A018AA29B007648C8DF83A19A029B008AA2DD017648C8DF8D
:20E7280092C9CAC160072BD18AA19A037648EF876F0728D1A55A9A008AA17648EF8786BEE1
:20E738008BBE0006AABD1EA676222901FF479B0090FF86A9D01A2DA20203563BFF55FF5AEA
:20E7480006A60EA8FF1A001F8AA983A992AB93AAC0C4DD1AC1CCA9A9CEC5CFCD1EA706A644
:20E75800FF419B009003563BFF5A06A7CAABCBAA1E9406A69B009003563B98C499CC761A44
:20E7680086BE000658A9A8A90DA01EA78F40BF47761F02FDD804F603248540076C09A8A98F
:20E778000DA01EA7D8028F40BF4BF601248541076C0E88945633D5007E0D880D28AB00018C
:20E78800D801566100A5565100A63F0D42076C09A8A90DA01EA7D8028F40BF4EF6012485CC
:20E7980092A00006B2BDFE021EA6934792485301602752006025E2AF00D5E811FC00AD1474
:20E7A800641AE2AF00C5E8120500AD1462140AD493C4600856BF01C42BD4C2E428F40FA060
:20E7B8002BFC1BD42EE0680CD0082BD49A0156BF01946F06D008939460032BC42BD4FE8248
:20E7C8008BBE0006B2BDD05CD15DA8A983A42B94E592E591D06AE5932B9C098ADD5ED14A93
:20E7D80018C5FFFCE2030094D03083A9E20302E4E2030194D01AE84FA001E2030394D0460B
:20E7E800E2030294D008E2030194D034E2030094D01EE2030094E203009C1AC500018BBEB6
:20E7F8000006FE02768004838F0004888F4004899A069B09C2427648F69C768004849A0651
:20E808008F00048A9B098F40048BC2427648F69C768004859A068F00048E9B098F40048F37
:20E81800C2427648F69C768004869A068F00048C9B098F40048DC2427648F69CFE8200066F
:20E82800FE02D010E2AF00D5E2AF0194E6940008AD14640BD00EE2AF0194E6940008AD146B
:20E8380062041AC500016F0318C5FFFED014E2AF01E5E2AF0094E6940001AD14640DD0121F
:20E84800E2AF01E5E2AF0094E6940001AD1462041AC500026F0318C5FFFDFE82000652016D
:20E85800B2BD6122520261175203610C52046024D014D114E2AF0194E6970001E203019C57
:20E868006F1BD012D112E2AF0194E6970001E203019C6F12D010D110E2AF0194E697000135
:20E87800E203019C6F09D00ED10EE2AF0194E6970001E203019C8BBE0006B2BDAABD7622E6
:20E888000200D118C5A486A4C4A41ED4D01556BFFF9CDA15DF15DE151AC20200D10818C797
:20E89800FBFFB60018C6FFDFC4A4CC94FF7FD0155040DE159694D00A18C6FFEFC3C406C524
:20E8A8001EE406D51EF406C51E9C06D51E94761A86BE8BBE0006FE048D00031B939492A81E
:20E8B800FFC0CAA849A96D164BA96D05CCA8FFFB96946F1EA8A9FF10031F1E42A8A9DC32CE
:20E8C800FF11018D83A41E448F00A500764893996F0FA8A9FF10031F1E42A8A9DC02FF114C
:20E8D800018D83A41E448F00A50076488F34FE84000658A9761F02FB929496384338D801F1
:20E8E8006C049294D80196399294963AD80140386C09A8A90DA01EA7D8028F40BEFBF601FA
:20E8F800248541386C09A8A90DA01EA7D8028F40BEFDF601248542386C09A8A90DA01EA7F0
:20E90800D8028F40BEFFF601248592A00006B2BDAABD86A47648C9368F00BEC058A993D47F
:20E9180091F06120180200FFD1111A020100929C90FF1AA90200961144026C049292D801E9
:20E9280096229202FFC341A96C049292D8019623D11192D4CD9CFFBF9040CAA8961118023F
:20E93800FF0F86BE92A08BBE000658A9A8A90DA01EA78F40BF18761F02FCD805F60424856F
:20E9480040186C0E88945633D5007E1D881D28AB0001D801566100A5565100A63F1D411818
:20E958006C049294D801961E43186C049294D801961F44186C059294D80196206F032820C1
:20E968004E2092A00006B2BD92A5AABD8BA493475201610892C95201600B56BF01C12BC933
:20E978006F0792C9600556BF01C156BF01C992C15201601597D156BF04D986A1761F031E41
:20E9880092C98F00ADC0F0019001DA0296E183A206027648581B2BC1F6042B8286BE8BBEC5
:20E9980000068F40C5C0F6372B8588C42901FF20A55A0FA66023D0CA40946C0302006F030B
:20E9A800D0220694761F0317D0CA1E0A41946C0302006F03D0540694D0CA1E1842946C03C7
:20E9B80002006F03D0860694D0CA1E2643946C0302006F03D0B806941E340006B2BDAABDF3
:20E9C800A2BDFE02A8A98BA486A509801EA782A98AA992D296C792DA96CF9A032BD776488A
:20E9D800F3A996EA96DBB2A9FF1001011EA756BF044192C79642B2A909808AA9B2A9FF184D
:20E9E800000183A99A069B007648DF96FE8282BE86BE8BBE00061EA6B2BD92A5AABD8BA421
:20E9F80093475201610892C95201600B56BF01C12BC96F0792C9600556BF01C156BF01C999
:20EA080092C15201601397D156BF02D986A192C98F00ADC0F0019001DA0296E183A206A659
:20EA18007648581B2BC1F6042B8286BE8BBE0006FE04761F0313920852016025FF20080041
:20EA2800560100020A061B061388681D28A9175928A8D1B71EAC56470002A9A95605000273
:20EA380028AC002C565B3F0492041BA9079464071BA90870620456BF01076F022B072B06D7
:20EA480056BF0208FE840006B2BD76228D45D2008AA1761F1748DC3218C4FFFE1832FFFD10
:20EA5800761A7648F3737622D008CC91FFFC50019608761AD02E40916C1276228AA1DC2E89
:20EA68001AC40002761A7648F3737622D008CC91FFFC50019608761A402E6DF08BBE000699
:20EA7800FE02E7000002E801F531E7000082E80F4BC9E7000089E5A0AD14640CE801FC52B5
:20EA8800E80E041AE7000010E6AF0009E72000086F0BE801FC2AE80C0832E7000010E6AF73
:20EA98000009E7200008E801F111E80FCC19FE82E70000080006B2BD520080A9D000D1007F
:20EAA8006122A0A90DA11EA693C6537D601593CE535D610D535E6107535F600C56BF7F9494
:20EAB800D8016F0856BF7E94D8016F0456BF7D94D801D9016F04929D9694D801D90192A7EA
:20EAC80054A166E08BBE92A00006B2BDD0839294BE00D10A6110A8A90DA183A9A8A90DA651
:20EAD800DE0109861EA7D901D08392DD96C792A6549468F2D0849294BE006110A8A90DA1D0
:20EAE80083A9A8A90DA6DE0109B01EA7D901D08492DD96C792A6549468F28BBE0006B2BD4F
:20EAF8008BA57648784988C180A62901FF20A55A0FA7611980C92BAA27A70FAB611488A61F
:20EB0800FF20FFFF0FA6600A88A70FA660078AA17648A0FD28D1FFFF6F0B8AA17648A0FDE9
:20EB18002BD16F068AA17648AE4928D1A55A8BBE0006B2BD8BA57648765088C180A6290189
:20EB2800FF20A55A0FA7611980C92BAA27A70FAB611488A6FF20FFFF0FA6600A88A70FA616
:20EB380060078AA17648D3CB28D1FFFF6F0B8AA17648D3CB2BD16F068AA17648E2F728D1AB
:20EB4800A55A8BBE0006B2BD5200D000D1006122939D537D6116537E610D537F6104979462
:20EB5800D8016F1556BF7D94D80156BF5F94D8016F0E56BF7D94D80156BF5E94D8016F078E
:20EB680056BF7D94D80156BF5D94D801D90154A166E08BBE92A0000658A9A8A90DA01EA755
:20EB78008F40BF10761F02FCD805F604248540106C0E88945633D5007E15881528AB000184
:20EB8800D801566100A5565100A63F1543106C049294D801961644106C059294D8019617B8
:20EB98006F0328174E2092A00006B2BDAABDFE028BA486A5768834F4DC02DD02CCC200085D
:20EBA800CDC1FFFEFFC2CAA896C1C242CCC200077648A352D00EE801EE60E2C40192E80EA8
:20EBB8006668E7000040D02AE2030091CCC1FFE75006FE8296C186BE8BBE000658A9A8A953
:20EBC8000DA01EA78F40BF21761F02FCD805F604248540216C0E88945633D5007E26882652
:20EBD80028AB0001D801566100A5565100A63F2642216C049294D801962743216C059294D8
:20EBE800D80196286F0328284E2092A0000677006F00B2BD761F031F59A9922C610D28AB01
:20EBF800FFFF28AAFFFF28A9FFFF28A8FFFF0FAB6103767FFFFF761F031FC5323E67761F99
:20EC0800031F063061041EA792A13E67761F031F062E61031EA73E677648EBEF8BBE0006F2
:20EC1800520161155202610B520360188F000474761F02C0A83A56BF093C6F108F00045D7D
:20EC2800761F02C0A83A56BF113C6F088F000440761F02C0A83A56BF1B3C761F02C01817BC
:20EC3800FFFE761F02E956BF010156BF0102000692F49CFEC544520161039A076F2092DD8B
:20EC4800520161039A066F1BD010E801EE60C4A59294D00FE80E6668DE0F72C6A8A9E2C862
:20EC58000195D02CFF100117E70000408AA99A00E20300951ACF02041AC400010006B2BD32
:20EC68008D00049076C004807680049BAABD8F4004A88F0004C08D400483A2BD8D8004879C
:20EC78008DC004CDF60A2B80F6022B87F60C2B86F60C2B85F60C2B84F60C2B83F6082B8298
:20EC8800F6032B8182BE86BE8BBE00067648D6E97648E1317648F0227648F4F27648EC6722
:20EC98007648F4C17648F3587648FA137648F45D7648CE6B7648EDB87648E54776487D0E79
:20ECA8008F00A6407648AD508F00BE807648B8BD761F02E22B00000658A9A8A90DA01EA7AE
:20ECB8008F40BF42761F02FDD802F601248540026C0E88945633D5007E04880428AB000146
:20ECC800D801566100A5565100A63F0441026C049294D801960542026C049294D8019606CB
:20ECD80092A00006B2BDE2AF00E4E2AF01E5D00ED10EE7100040E801F999E84FC000E80932
:20ECE8009999E2030094D00E069CD1101E95E2AF02D5E2AF00D4E6960010E7000008D01025
:20ECF800E2030094D010069C1E958BBE0006B2BDAABD86A57648AF418AA27648C4F78AA27F
:20ED08007648E999D1BFD02856BF0792D0292B92D05A56BF0792D05B56BF2092D08C56BF84
:20ED18000792D08D56BF4092D0BE56BF079256BF609A86BE8BBE0006FE0283A4BE00B60481
:20ED280092A672A7A0A90DA78AA9DE01D08092A62894FFFF524668F4A0A9FF1001011EA716
:20ED380056BF464192C79642A0A909808AA9A0A9FF18000183A99A069B047648DF96FE826A
:20ED48000006E2AF00C4E2AF01C5E71000407700E20300C4E2AF01D5E2AF00D4E71000409F
:20ED58007700E20300D4E2AF01E5E2AF00E4E71000407700E20300E4E2AF01F5E2AF00F4FC
:20ED6800E71000407700E20300F40006761F02EF8F00C5C08F40C70092037648BF21761F06
:20ED780002EF8F00C5CE8F40C71292047648BF21761F02EF8F00C5DC8F40C72492057648C7
:20ED8800BF21761F02EF8F00C5EA8F40C73692067648BF210006FE0240C56C19D02AE2AFAA
:20ED980001E4E2AF0095E6940001AD146309E8AFE0007700E6940001AD1464096F0A1ACCB2
:20EDA8000001761F02C106E41E246F0318CCFFFEE2AF00D4DD028AA57648D0DDFE8200060F
:20EDB800FF2004DE8F00A000D5007648FF8B8F00C680D500FF200114F6412B848F00ADC02E
:20EDC8007648FF8B761F02B82B20761F02BA2B02761F028056BF0100761F02B856BF0F210A
:20EDD800761F02BA56BF0F030006B2BDFE06761F03158D40B6808F40AA009A01E2AF0000D5
:20EDE8008AA17640C33E761F0315768004928F40A2528F00B8D89A01C242E2AF0006A044F4
:20EDF800A84683A18F00BBC376487DFCFE868BBE0006B2BDFE06761F03158D40B7008F405F
:20EE0800AAC09A03E2AF00088AA17640C33E761F0315768004938F40A2C48F00B8E69A032F
:20EE1800C242E2AF000EA044A84683A18F00BBC476487DFCFE868BBE0006B2BDFE06761F21
:20EE280003158D40B7808F40AB809A07E2AF00108AA17640C33E761F0315768004948F4086
:20EE3800A3368F00B9009A07C242E2AF0016A044A84683A18F00BBC576487DFCFE868BBE44
:20EE48000006B2BDFE06761F03158D40B8008F40AC409A05E2AF00188AA17640C33E761F85
:20EE58000315768004958F40A3A88F00B90E9A05C242E2AF001EA044A84683A18F00BBC62B
:20EE680076487DFCFE868BBE000658A9B2BD8BA4761F02FB92919611D8029A12CD1100071A
:20EE78005DA07648F291761F02FB5DA9CD1100389A1AFFD28AA17648F29158A9B2A90DA094
:20EE88001EA78F00BEE2D80292A0F60124848BBE0006761F02CF920261150EA9BDA90F12CE
:20EE98007700770077007700E68B00007700E2AF0100E27400087700770077007700E203E5
:20EEA8000004E590E20300008F00B3C69A042B02E2AF00047648A3E10006B2BDAABDA2BD07
:20EEB800FE0882A4D1005ACB6F155CAD2901560303A107A3DC8809025CA483A90208764857
:20EEC800F2E8064261068A4483467648F2E85ACBD90192A254A166EAFE8882BE86BE8BBEA7
:20EED8000006E700000AE20300E4E6880012E20301F483C4BFA90F1A19011ED583C42BF5B4
:20EEE80083C42BFD83C41AE5001083C41AE5002083C418E5FBFF83C418E5F7FF83C402001E
:20EEF8001AE540001ED40006B2BD8BA4D00CE20304BDE6CF000440916D05D00E06F11E9123
:20EF08006F05DC0C83A176489E7DD02E40916D05D03006F11E916F088AA1E6CF002083A10E
:20EF1800DC2E76489E7DE2AF04BE8BBE0006E20304BDFE02E6CF000BE72000197700E694DD
:20EF28000011AD146507E720009B7700E6CF00186F0EE6CF0011E720001CE6AF0009E69427
:20EF3800000CAD146304E71000D07700FE82E2AF04BE0006FE02761F02EF92075201601C80
:20EF4800761F02E5E2AF0010761F0315E2AF012AE6AF0000E6940001AD14620E7648C498C8
:20EF5800761F00121A110004761F02A72B37761F02EF56BF0307FE820006560308A976C0B8
:20EF6800B034DC0496C793D497CF88DC761F02C07ED78F00B0121817FFFEC33A1A170800D8
:20EF780056BF033C56BF0716761F02E992C796C497CC7ED456BF010156BF0102000656037D
:20EF880008A98F40B03496C5761F02C093EC97CD93F497D593FC97DD1817FFFE761F02E9CE
:20EF980056BF0101761F02C0A03A1A17080056BF043C761F02E956BF0102761F02C09612EC
:20EFA8000006761F02C048176D080A0F920F523C68042B0F1A1701004B176C090A10921065
:20EFB800520A68062B101817F7FF6F022B1040176C090A119211520A68062B111817FFFEA7
:20EFC8006F022B11000683A4761F0317DC02060C7648F3C38AA5761F0317061ADC34764870
:20EFD800F3C38AA5761F03170628DC667648F3C3761F0317A0A909988AA906367648F3C325
:20EFE800761F02E41828FBFF00061EA6D02C9294D02C9C01520A96946803D02C2B94D02C27
:10EFF800290156030194560100A4D02EC29400069C
:20F0000083A976222901560301A5A0AB901F16A9FF43FF5A92AB2BAA900127A9A0A918A932
:20F01000FFE007AB0901FF30FF1A001F83A90203563BFF55C0C5C1CD0EA4563B98C599CDAF
:20F02000761A0006B2BD8D00A9808D40A9C076C0AA007680AAC0AABD8F40AB808F00AC40C3
:20F030008D80A994F6152B82F6372B81F6132B80F68B2B87F68B2B86F68B2B85F68B2B846B
:20F0400086BE8BBE0006B2BDAABDFE029A1E8BA586A4A0427648A061B2A98AA283A10901DF
:20F050001E429A2F7648A06192C9CAC160069A009B037648F1046F05FF2000007648F1043B
:20F06000FE8286BE8BBE0006FE02761F02EF92075201601A761F02E5E2AF0010761F0315C7
:20F07000E2AF012AE6940001AD14640E7648C498761F00121A110004761F02A72B37761FF1
:20F0800002EF56BF0307FE820006761F001092005202610F5203601A460B6C189201520650
:20F0900061158F0004747648C61356BF06016F0ED0208F40041A46956C09473A6D078F0002
:20F0A000045D1A3A008076488CCB0006B2BDAABDA2BDFE088F00A5008D40A6408DC0A000F1
:20F0B0008D800490A84883A1A242AA44764884518F00ADC0A24283A1A844AA468A487648B6
:20F0C000550CFE8882BE86BE8BBE0006DC0380C4C44458A727CC0EEE80D40FA060110EF6E5
:20F0D0002BAA0FAB600D92A754FE68072BD5761F02E61A0000046F0628D502006F0328D5AC
:20F0E0000100DD0B1AC50001000680A9560308A88F00B03488A9761F02C08F40B01292A74A
:20F0F0007EC4560308A996CC1817FFFEA83A1A17080056BF023C761F02E97EC596CD56BF7D
:20F10000010156BF0102000680A9560308A88F00B03488A9761F02C08F40B01292A77EC496
:20F11000560308A996CC1817FFFEA83A1A17080056BF023C761F02E97EC596CD56BF01019C
:20F1200056BF01020006FE04761F03139200520260088F00AA0076C0AAC0F68B24846F1134
:20F130008F40C700761F02E28F00C748A042CC180001A8448F40BA0C8F00AA0076486CC4A3
:20F14000FE840006FE04761F03139200520160088F00AAC076C0AA00F68B24846F118F40DC
:20F15000C712761F02E28F00C748A042CC240001A8448F40BA168F00AAC076486CC4FE84E8
:20F160000006FE04761F03139201520260088F00AAC076C0AA00F68B24846F118F40C72451
:20F17000761F02E28F00C748A042CC300001A8448F40BA208F00AB8076486CC4FE840006C4
:20F18000FE04761F03139201520160088F00AC4076C0AB80F68B24846F118F40C736761F8E
:20F1900002E28F00C748A042CC3C0001A8448F40BA2A8F00AC4076486CC4FE8400061EA79D
:20F1A00018A9FFE088A4FF30FF1A001F8AA992A7901F2DA90201563BFF5A762292A652011B
:20F1B0006107A9A9DC0AFF55C0C4C1CC6F06DC0A92AB93AA98C499CC761A00069B0052031E
:20F1C00062085202631052006113520161076F1452046104520561076F0F761F0102CD1588
:20F1D00000016F0A761F0112CD1500016F05761F0102CD15000192A80006E2740051B2BDD5
:20F1E000D010E2AF0246D110E0020894D00EE2030194D010E2AF0094E7100040D012E2039C
:20F1F0000094C49CD014D10AC294D00CE2030394E203029C8BBE00063B10761F0033182081
:20F20000FFFE2B222B24FF692B262B282B2A2B2C2B2E2B302B322B342B362B382B232B25CB
:20F210002B272B292B2B2B2D2B2F2B312B332B352B372B39000658A9A8A90DA01EA78F40B7
:20F22000BF3E761F02FCD803F6022485403E6C108894761F02FD5633D4007E015D0128AB0B
:20F230000001D801566100A4565100A53F0192A00006C4442BCC1EA7D0082BD42BC4929415
:20F2400052016004D0082B94C3E42BC502002BCDD0082BD51EE52BF52BFD2B95D0082BC623
:20F250002BCE2BD61EE62BF62BFE2B960006E2AF00C5E84F20007700E20300C4E2AF00D55C
:20F26000E84F20007700E20300D4E2AF00E5E84F20007700E20300E4E2AF00F5E84F20001D
:20F270007700E20300F400069A3C8F00B3407648FFB09A3C8F00B3C67648FFB09A3C8F00B3
:20F28000B4C67648FFB09A3C8F00B4467648FFB08F40B3C08F00B564F6052B857648FF5A0F
:20F290000006B2BD59A5530488A983A4AABD6613560301A88F00BEC05AA9A8A90DA68AA913
:20F2A000A0A90DA183A90EA27648F2E892A272A192A16F029A8186BE8BBE0006FE06764888
:20F2B000F9B48F48B00028A800008F00C00028A904977648F2E87640C4490202BE00D4018D
:20F2C000D51E1E422B430201C2467648754F7648BAEBFE860006B2BD76228D45D2008AA11D
:20F2D000761F1748DC3218C4FFFE1A320002761A7648F3737622D008CC91FFFC500196088A
:20F2E000761AD02E40916C0276258BBEFF6900065200A8ABC5A4610788A9DE815C857C8705
:20F2F000000EFFFE88A90FA6610F5300610D9DFF5CA876BFFFFE92859687000EFFFE9285B4
:20F300009687000CFFF8A9A40006560308A98F00B034761F02C096C41817FFFE761F02E9A0
:20F3100056BF0101761F02C01A170800A83A761F02E956BF0102761F02C056BF013C96126B
:20F320000006E30008F4E70000007700E720004077007700E2770000770077007700D008BF
:20F33000E20300C4E2AF01E4E2AF00C4E6960008E20300C406941ED40006FE02C4A48AA5F3
:20F34000E2AF00C67648D0DDD028E2AF00F6E2AF0194E6950000E6940008AD146305DE083A
:20F3500018C6FFEF6F04DE081AC60010FE820006B2BD8D00BDC08D40BD8076C0BE00768095
:20F36000BE408F40B8508F00BE80F6292B81F6292B80F6292B87F6292B86F60B2B85F62BE3
:20F370002B848BBE0006FF2007D07640C493BE00FF2001FF761F17480F3067071A310001B2
:20F380001831FFFE0F3068FBFF2007FF0F3060FD92A69C01520488A968EC0006B2BD8BA470
:20F390001EA6AABD92C15201601256BF01D186A156BF01D98F00ADC006A656BF02E1DA02A1
:20F3A00083A27648581B2BC1F6042B8286BE8BBE0006B2BD59A9AABD7680FFFF93A186A4A7
:20F3B000A2BDD300610CAAA90DA38AA992A67648F569DB0193A188A955A366F682BE92A607
:20F3C00086BE8BBE0006B2BDD022C5941EA6FF5A020F565D00A70FAB6908761F02E44A2840
:20F3D0006C0B06A70FA66108D024D12256BF0194D020C294C29C8BBE0006B2BDFE028BA4B9
:20F3E0000648DC021E42E2AF00D57648647040CD6C0318C5FFFB42C56D06CCC1FFE75006F3
:20F3F00096C16F0318C1FFE1FE828BBE0006B2BDD126429CC4466D14D05E40966D11D0107B
:20F40000C5A5E2030094D012DD1FE2030194DF1E92C7C5A5D122D023969C92C796948BBE0D
:20F410000006B2BD8BA41EA6AABD92C1520160117DD186A156BF03D98F00ADC006A656BFD3
:20F4200002E1DA0283A27648581BF6042B822BC186BE8BBE0006B2BDC5A4D108D00B761F70
:20F4300002E9DF0F92C796C592CF96CDA0F556BF039D9295CDA90001D00BCCA9FFFE97019E
:20F44000970296958BBE0006E801F551E801DD1AE80D5559E7000008E80EB85AE710008079
:20F45000E801DD1BE80EB85BE27400187700770077007700E20300C400067648FF43D500E4
:20F46000FF2001408F00AF007648FF8B8F00AD40D500FF200114F67F2B848F00ADC0764843
:20F47000FF8B761F02B42B002B010006B2BD7648FA5583A4DC167648FA558AA5DC2C7648B3
:20F48000FA558AA5DC427648FA55D15C8AA5D05D2B9D2B95DC5E18C4FFFC8BBE0006B2BDE3
:20F49000D0089B0096945201D012D11F9694D01C969460029B01D02CC5A4979C969492D533
:20F4A000DF2396C7C5A492DDDF2496C78BBE0006FE0280A9D50093A761122901560302A591
:20F4B00007A41EA6E2AF01C6E6940008AD14620392A56F06DD0193A755A566F192A7FE82FF
:20F4C00000068D00041A76C004027680040A8F4004128F000440761F0010F6232B80F6071D
:20F4D0002B87F6072B86F6072B85F63E2B842B012B0000068F000CE0761F00331AC40001AD
:20F4E00056BF092176230001762300087623100083A41AD40001DD081AC50001291029208C
:20F4F000FF6900068D00B68076C0B7007680B7808F40B8008F00B5C2761F02D7F64F2B80C6
:20F50000F64F2B87F64F2B86F64F2B85F62D2B842B000006FE02E2AF01C4E6940008AD146D
:20F51000630CE2AF01D4E6940008AD14620ACCE4FFFC500496E46F05CCE4FFF8500296E4F7
:20F52000FE820006B2BDAABD8D40BA808D80AF00A2BD82A483A28AA17648CB3A8AA183A2C4
:20F530007648C66F8AA183A37648FD9582BE86BE8BBE0006FE020201A346560100C4C5C4C4
:20F540007681518006A60FA7660506A7FF0702A31EC40201560100D4A942DC0876485C7A4B
:20F55000FE820006560308A98F00B034761F02E996C456BF0101761F02C01817FFFEA83A42
:20F56000761F02E956BF0102761F02C056BF013C000688A993C4CCA600FF80A992A8FFC722
:20F5700058A992A7F2A08F0833DC92A6FFC7709458A9F3A093A091FF58A8FFC770940006E0
:20F58000FE02E6CF000BE72000197700E6950009E811FC01AD14650AE72000C07700E70045
:20F5900000127700E71000D07700FE820006B2BDA2BDFE0AA84AA04682521E488B548A4677
:20F5A00083A37648916D8A4AA242B244064883467648922AFE8A82BE8BBE0006B2BDAABD3D
:20F5B000FE025DAD86A48D40AD402B41DD818AA15DA57648F85BC5A2B2F29241DF08FE8200
:20F5C00096C786BE8BBE0006761F01FC1A0200201A0200801A0200021A0200081A02200053
:20F5D0001A0280001A0202001A020800761F02E52B1200062BAC9A0536A907A4090683A943
:20F5E00092AC9C0128C5FFFF2DA928CDFFFF520E28D5FFFF28DDFFFF28E5FFFF68ED0006B8
:20F5F000C5A488A98A4492C7611155A9690F54C5660A0AC492A654C466092BC40BC792C722
:20F6000096C56F042BC492C796C50006D0AC8F00B1009294900F600BD08440946C0D8F0057
:20F61000B1828F40B5647648CB8F6F06E590761F02C6E20300020006B2BD8BA576489FC4B3
:20F6200088C12901FF20A55A0FA6610688C90FA661032BD16F068AA17648EACD28D1A55AAA
:20F630008BBE00060AC592C5521068022BC592C59C01521068029A0088C480A60EA90FA750
:20F6400060079A0194A696C4521068022BC40006AABDFE02A8A9FF12004D86A41EAC1E42E9
:20F65000A8A9FF15000983A97648CBE3ABA58AA27648F42BFE8286BE0006761F02E3C5A48E
:20F660009206761F029C8F00BF8096C7922596CF922696D7922796DF92D496E792DC96EF4F
:20F670002BF700069B00B2BDD05C5201D15F969460029B01D06CC5A4979C969492D5DF63C6
:20F6800096C7C5A492DDDF6496C78BBE00069B00B2BDD03C5201D13F969460029B01D04C89
:20F69000C5A4979C969492D5DF4396C7C5A492DDDF4496C78BBE0006C5A488A98A4492C746
:20F6A000611055A9690E54C566090AC492A654C466082BC42BC72BC56F042BC492C796C569
:20F6B0000006B2BDAABD59A986A47648D4158F00B0407648D5CA8F00B0527648D9E092A174
:20F6C0008AA276483B2386BE8BBE00065200610F520161085202600F761F02C61A34000261
:20F6D0006F0A761F02C71A2E00046F05761F02CA1A2E000800068F00720047EC6C10DC0A36
:20F6E00018C47FFF7700770077007700761F01C81A0A8000761F028056BF010EFF69000629
:20F6F000C4A4D50006A60DA58AA9DD01D00F1BA501002B9468F8D50006A60DA58AA9DD014B
:20F7000092A552072BFC68F90006761F01CC56BF500756BF0B0C56BF0A0356BF05042B0165
:20F710001809FFDF1A090020282060002821204000067622761F017218007FFF761F017202
:20F7200018207FFF761F017318007FFF761F017318207FFF761A0006B2BDFF20010CD500AF
:20F730008BA47648FF8B8AA1B2A909848BA9F67F2884FFFFF67F2881FFFF8BBE0006D0168B
:20F740009294D0169C01520A96946803D0162B94D016290156030194560100A4D018E203A4
:20F75000009400065201600353006103E5906F0A761F0313E2AF00E4E2AF011EE7000008E5
:20F760007700D008E20300940006FF2002588F00B340D5007648FF8BD500FF2001F48F002B
:20F77000B1007648FF8B8F00B300F6272B840006761F02D5061C1E1E06041E1CE2AF001EAF
:20F78000E2AF011CE72000087700E85048007700E20300200006C5A4761F02E3920696C75B
:20F79000920796CF920896D79209761F02E396DF921296E72BEF2BF70006B2BDE590C4A41B
:20F7A000D108C546D01CE20300C42B9CDE0A1AC60001E20300C506971ED58BBE0006B2BD48
:20F7B00018C4FFFDD00A06F51ED406951EF4C4F5D10CD01A0200C29C1E9406F51EE48BBE15
:20F7C0000006020028ABFFFF28AAFFFF19010FAB60049A00D4006F05A9A492C4A9A4DC0298
:20F7D00076485DE1000654A8B2BD660D18C4FFFDD10CD01A0200E20300D4E203009C1E94AC
:20F7E000E20300E48BBE0006761F02E956BF0101761F02C01817FFFE761F02E956BF01023F
:20F7F000761F02C0A83A963C0006761BFFF0E20000BDE630060029425616761F02E41A2819
:20F800000001E28000BEFFF176177602FE027622761F01C02B22761A7648F9767622CC294D
:20F81000FFBF9641502A9629761AFE820006B2BDFE025CAD9B0159A9E2030042DC825CA459
:20F820007648F88B92A17648F6C6FE828BBE00068F48301E8F000D0676229A00C4859C012C
:20F8300052DDC28468FC761A761F00331A2000010006E801F55083A4BE000200D06AE80D02
:20F840005558F66B2B85C2C41ED428F40384E20300940006761F01C856BF070056BF0301BD
:20F850002B04CC0FFFEF5008960F2B0256BF180356BF23010006B2BD761F02C38BA50E0000
:20F860008F40B0807648F2E8C5A1761F02C3920096C78BBE0006E801F0C8E2AF01C5E80C07
:20F87000CCD0E7000040D008E20300E406D51EF406E51E9400062BC4C5A4C4A483A418EC99
:20F88000FF00DF0DDE15DD1D18C7FF0018C6FF0018C5FF00000683A488A829018F00B040F3
:20F89000560301A9560100A4560301A60EA97648F2E80006B2BD8D0002088D40020AE20341
:20F8A00000948D00020EE2030094E203019C8BBE0006761F0010920052026106520360081E
:20F8B00076487B2F6F05463A6D037648D17600061EA692A55201600B02002BC4D0081ED4ED
:20F8C000929452016004D0082B94C2E40006FE02A8428F40BA0C8F00B88E7648F79D8F00D3
:20F8D000AA007648F476FE820006FE02A8428F40BA168F00B89A7648F79D8F00AAC076484D
:20F8E000F476FE820006FE02A8428F40BA208F00B8A67648F79D8F00AB807648F476FE82E4
:20F8F0000006FE02A8428F40BA2A8F00B8B27648F79D8F00AC407648F476FE82000688A8B1
:20F9000029018F40B052560301A9560100A5560301A60EA97648F2E80006C4A4D0008F4091
:20F91000BF8006A60DA08AA992E49695D80192A0528068F80006530FBE0161069EA8520107
:20F9200060069A006F0552006002BE0092A60006B2BDC5A5D10FD008929C96C756BF01CFA2
:20F93000C3F556BF02958BBE0006761BFFF0E20000BDE630060029425616E28000BEFFF1E2
:20F94000761776020AC492C4520A68022BC42901560301C4560100A4E20300D40006761F32
:20F9500002938F40A4E08F00A4E62B1E2B1FF6052B85F6062B8400068F00B8C076C8300032
:20F96000F60B24848F40B8CC76C80002F60B24850006A8A9FF1001191EA78D00013E761FFB
:20F9700002E992C7969556BF010200067622761F01C0CC25FF0050559625CC25FF8050AA42
:20F980009625761A0006FE021EA656BF7941CCC50040FFC55DA906A67648E9F3FE8200061C
:20F99000C4A48F40C7888F00AD407648971DD008A8F656BF2396000683A48F00AD40764838
:20F9A000F65DD0088F00AD40A8F556BF079500068F40A723761F029ED008DD01A0F492247E
:20F9B00094239C0996940006FE027622761F01C0922990079641506A9629761AFE82000605
:20F9C0005DA9A8A9DD010DA51EA77680BF01DD0292A5F6012486000642C46C0AE2AF00D526
:20F9D000E2AF01F4E70000087700E20300D40006761F0281920C52016007761F00129223A0
:20F9E00061039CFF96230006D020761F02E40694D0221E360694D0241E3806941E3A000622
:20F9F000B2BD92D58346D108761F02E996D42B9D56BF01028BBE0006FE028F00C5C08F4083
:20FA0000C600A8428F00C7807648F53AFE820006761F031D2B24761F01488F00C68006042C
:20FA10007648EFED00067648F7658F40B0408F00B080F6292B85F6402B8400069A069B03A6
:20FA20007648F88B8F00B0407648CD7B7648F60600065DA9A8A90DA51EA77680BEF6DD02E9
:20FA300092A5F601248600065DA9A8A90DA51EA77680BF62DD0792A5F6062486000680A903
:20FA400088A88F40BEC0A0A90DA783A906A67648F2E80006B2BD8BA5DC029A06E2AF00C147
:20FA50007648F4A896E18BBE0006E592D008E591E590E20302E4E2030194E20300F4000618
:20FA60008F00BA807640C4168F00BB007640C4757648F6DB0006761BFFF0E20000BDE6302A
:20FA700006002942561676256F00761BFFF0E20000BDE63006002942561676256F00761BE2
:20FA8000FFF0E20000BDE63006002942561676256F00761BFFF0E20000BDE6300600294235
:20FA9000561676256F00761BFFF0E20000BDE63006002942561676256F00761BFFF0E20062
:20FAA00000BDE63006002942561676256F00761BFFF0E20000BDE6300600294256167625DF
:20FAB0006F00761BFFF0E20000BDE63006002942561676256F00761BFFF0E20000BDE63076
:20FAC00006002942561676256F00761BFFF0E20000BDE63006002942561676256F00761B92
:20FAD000FFF0E20000BDE63006002942561676256F00761BFFF0E20000BDE63006002942E5
:20FAE000561676256F00761BFFF0E20000BDE63006002942561676256F00761BFFF0E20012
:20FAF00000BDE63006002942561676256F00761BFFF0E20000BDE63006002942561676258F
:20FB00006F008F40A647C5A4761F0299A0F49206DF0896C7000683A48F00AD407648FF2B20
:20FB1000D008A8F556BF0295000683A48F00AD407648F78BD008A8F556BF079500068F40D0
:20FB2000BF80C5A4A0A909021EF4DF0892CD96C7000683A48F00AD407648BEB9D008A8F5C1
:20FB300056BF129500068F40A677C5A4761F0299A0F49236DF0896C7000683A42BD4761F0D
:20FB400002E61A000004DD0B1AC500010006761BFFF0E20000BDE630060029425616762524
:20FB50006F00761BFFF0E20000BDE63006002942561676256F00761BFFF0E20000BDE630D5
:20FB600006002942561676256F00761BFFF0E20000BDE63006002942561676256F00761BF1
:20FB7000FFF0E20000BDE63006002942561676256F00761BFFF0E20000BDE6300600294244
:20FB8000561676256F00761BFFF0E20000BDE63006002942561676256F00761BFFF0E20071
:20FB900000BDE63006002942561676256F00761BFFF0E20000BDE6300600294256167625EE
:20FBA0006F00761BFFF0E20000BDE63006002942561676256F00761BFFF0E20000BDE63085
:20FBB00006002942561676256F00761BFFF0E20000BDE63006002942561676256F00761BA1
:20FBC000FFF0E20000BDE63006002942561676256F00761BFFF0E20000BDE63006002942F4
:20FBD000561676256F00761BFFF0E20000BDE63006002942561676256F00761BFFF0E20021
:20FBE00000BDE63006002942561676256F00761BFFF0E20000BDE63006002942561676259E
:20FBF0006F00761BFFF0E20000BDE63006002942561676256F00761BFFF0E20000BDE63035
:20FC000006002942561676256F00761BFFF0E20000BDE63006002942561676256F00761B50
:20FC1000FFF0E20000BDE63006002942561676256F00761BFFF0E20000BDE63006002942A3
:20FC2000561676256F00761BFFF0E20000BDE63006002942561676256F00761BFFF0E200D0
:20FC300000BDE63006002942561676256F00761BFFF0E20000BDE63006002942561676254D
:20FC40006F00761BFFF0E20000BDE63006002942561676256F00761BFFF0E20000BDE630E4
:20FC500006002942561676256F00761BFFF0E20000BDE63006002942561676256F00761B00
:20FC6000FFF0E20000BDE63006002942561676256F00761BFFF0E20000BDE6300600294253
:20FC7000561676256F00761BFFF0E20000BDE63006002942561676256F00761BFFF0E20080
:20FC800000BDE63006002942561676256F00761BFFF0E20000BDE6300600294256167625FD
:20FC90006F00761BFFF0E20000BDE63006002942561676256F00761BFFF0E20000BDE63094
:20FCA00006002942561676256F00761BFFF0E20000BDE63006002942561676256F00761BB0
:20FCB000FFF0E20000BDE63006002942561676256F00761BFFF0E20000BDE6300600294203
:20FCC000561676256F0093A99A00D000530061057094D80155A066FD0006761BFFF0E200B2
:20FCD00000BDE63006002942561676256F00761BFFF0E20000BDE6300600294256167625AD
:20FCE0006F00761BFFF0E20000BDE63006002942561676256F00761BFFF0E20000BDE63044
:20FCF00006002942561676256F00761BFFF0E20000BDE63006002942561676256F00761B60
:20FD0000FFF0E20000BDE63006002942561676256F00761BFFF0E20000BDE63006002942B2
:20FD1000561676256F00761BFFF0E20000BDE63006002942561676256F00761BFFF0E200DF
:20FD200000BDE63006002942561676256F00761BFFF0E20000BDE63006002942561676255C
:20FD30006F00761BFFF0E20000BDE63006002942561676256F00761BFFF0E20000BDE630F3
:20FD400006002942561676256F00761BFFF0E20000BDE63006002942561676256F00761B0F
:20FD5000FFF0E20000BDE63006002942561676256F00761BFFF0E20000BDE6300600294262
:20FD6000561676256F00761BFFF0E20000BDE63006002942561676256F00761BFFF0E2008F
:20FD700000BDE63006002942561676256F00761BFFF0E20000BDE63006002942561676250C
:20FD80006F00761BFFF0E20000BDE63006002942561676256F00761BFFF0E20000BDE630A3
:20FD900006002942561676256F00C5A4DF7C92C796DDA8A909FB1EA792C796E50006761B57
:20FDA000FFF0E20000BDE63006002942561676256F00761BFFF0E20000BDE6300600294212
:20FDB000561676256F00761BFFF0E20000BDE63006002942561676256F00761BFFF0E2003F
:20FDC00000BDE63006002942561676256F00761BFFF0E20000BDE6300600294256167625BC
:20FDD0006F00761BFFF0E20000BDE63006002942561676256F00761BFFF0E20000BDE63053
:20FDE00006002942561676256F00761BFFF0E20000BDE63006002942561676256F00761B6F
:20FDF000FFF0E20000BDE63006002942561676256F00761BFFF0E20000BDE63006002942C2
:20FE0000561676256F00761BFFF0E20000BDE63006002942561676256F00761BFFF0E200EE
:20FE100000BDE63006002942561676256F00761BFFF0E20000BDE63006002942561676256B
:20FE20006F00761BFFF0E20000BDE63006002942561676256F00761BFFF0E20000BDE63002
:20FE300006002942561676256F00761BFFF0E20000BDE63006002942561676256F00761B1E
:20FE4000FFF0E20000BDE63006002942561676256F00761BFFF0E20000BDE6300600294271
:20FE5000561676256F00761BFFF0E20000BDE63006002942561676256F00761BFFF0E2009E
:20FE600000BDE63006002942561676256F00761BFFF0E20000BDE63006002942561676251B
:20FE70006F00FE02D008284101345D94DC0A7648E96BFE820006FE02D020284101335D94A0
:20FE8000DC227648E96BFE820006761BFFF0E20000BDE63006002942561676256F00761B1F
:20FE9000FFF0E20000BDE63006002942561676256F00761BFFF0E20000BDE6300600294221
:20FEA000561676256F00761BFFF0E20000BDE63006002942561676256F00761BFFF0E2004E
:20FEB00000BDE63006002942561676256F008F00A6408D00031B42946C037648E8B30006B4
:20FEC000B2BD8BA47648E3D48AA17648D2ED8BBE0006761F02E78F00AA00E2AF001A7648F8
:20FED000E7CA0006761F02E78F00AAC0E2AF001A7648E7CA0006761F02E78F00AB80E2AFFB
:20FEE000001A7648E7CA0006761F02E78F00AC40E2AF001A7648E7CA00067648F2748F00A7
:20FEF000B1008F40B04076488D9F0006E2AF01C4E71000407700E20300C40AD40006761F6C
:20FF000001FC1A0C0080761F02E21805FFFE0006761F01FC1A0A0080761F02E21A050001D6
:20FF100000067622761F1748CC08FFFE50029608761A0006761F031FA8340006761F031F98
:20FF2000A83200060006B2BDD180D08156BF019C96948BBE0006C5A4761F02E9920396C7C4
:20FF3000920496CF0006FF20032C8F00A640D5007648FF8B0006FF2001028F00A500D5009F
:20FF40007648FF8B0006FF2001428F00BA80D5007648FF8B0006561F7622B9C028290068C6
:20FF5000761A0048CA3AD00A9A009394530061029A01000683A4DD0818C5FFFE2BFC2BF497
:20FF6000000692CDCDD4FFFE9001CAA896D400067622761F17481808FFFC761A00061EA60A
:20FF700092D4520160032BD4C2C400061EA692D4520160032BD4C2C400061EA692D45201E2
:20FF800060032BD4C2C400061EA692D4520160032BD4C2C40006FF58C4A4610419017D86C7
:20FF900060FE000683A42BD4DD0B1AC50001000683A42BD4DD0B1AC5000100067622761FD8
:20FFA00001C02B29761A0006520161039A006F029A0B0006520161039A006F029A070006C0
:20FFB00083A4D078F6772B8596940006C444C5461EC4C2D4C3E400068F00BF80F67F2B844B
:20FFC0000006761F02E556BF01120006761F02EB56BF013E0006761F02EB2B3E2B3F00063A
:20FFD00056BF01D42BDC0006DC067648E6D90006D5027648F4110006D5057648F411000672
:12FFE0007648F77800067648EE9100069A0100060006F2
:00000001FF
